wallet_id,user_id,chain,address,wallet_type,is_primary,created_at,updated_at
1,1,polygon,0xd601b6c1a55a4b41990f3bfce0878fa0,non_custodial,True,2026-02-13T14:31:50+00:00,2026-02-13T14:31:50+00:00
2,1,base,0x3717948ceb6541c9933f3438cf25a193,non_custodial,False,2026-02-14T21:18:50+00:00,2026-02-14T21:18:50+00:00
3,1,arbitrum,0x6f28eee559ea423797219caf8c68c40b,non_custodial,False,2026-02-14T22:37:50+00:00,2026-02-14T22:37:50+00:00
4,2,bsc,0x21ee5c94d70e487eb6c95fd9afeb0723,non_custodial,True,2026-04-08T03:54:27+00:00,2026-04-08T03:54:27+00:00
5,2,base,0x8c6f688a88fb41328f23d479a203d96f,non_custodial,False,2026-04-09T00:00:27+00:00,2026-04-09T00:00:27+00:00
6,3,bsc,0x61b1718fd4424d0dadf1c0efc1365770,non_custodial,True,2026-08-03T14:38:04+00:00,2026-08-03T14:38:04+00:00
7,3,base,0x08c0e35a92bb4edcad084b3115819cda,non_custodial,False,2026-07-31T22:46:04+00:00,2026-07-31T22:46:04+00:00
8,4,polygon,0x35a409d9a8384d88a83431c8b0ed9cc0,non_custodial,True,2026-01-13T20:00:09+00:00,2026-01-13T20:00:09+00:00
9,4,base,0x985eda336a6d4fa4be9bc8be85c7c6a1,non_custodial,False,2026-01-13T17:12:09+00:00,2026-01-13T17:12:09+00:00
10,4,bsc,0x5d9da0bf9f7b4acb9e985a8a5d2fd576,non_custodial,False,2026-01-15T02:27:09+00:00,2026-01-15T02:27:09+00:00
11,4,ethereum,0x6f2ee97ef30e483c9bfe32a30f597f94,non_custodial,False,2026-01-15T14:35:09+00:00,2026-01-15T14:35:09+00:00
12,5,base,0xac557477fcd1437d9be5ad99f0e5d22f,non_custodial,True,2026-04-01T18:37:24+00:00,2026-04-01T18:37:24+00:00
13,5,arbitrum,0x4b9f737ec3a64e3abb1ac53590d9523b,non_custodial,False,2026-04-02T01:39:24+00:00,2026-04-02T01:39:24+00:00
14,5,bsc,0x0277902b784e4fcbb8c787fe6463805e,non_custodial,False,2026-04-03T03:50:24+00:00,2026-04-03T03:50:24+00:00
15,6,ethereum,0x72db46d1945e44c4a357e41b2cd3412e,non_custodial,True,2026-08-09T14:46:59+00:00,2026-08-09T14:46:59+00:00
16,6,arbitrum,0x3b9d37b756af48169931f7f9928d3457,non_custodial,False,2026-08-09T21:48:59+00:00,2026-08-09T21:48:59+00:00
17,7,base,0xe897343f75ef4d20bec538773ec462dc,non_custodial,True,2026-06-13T23:02:29+00:00,2026-06-13T23:02:29+00:00
18,8,bsc,0xa518acf535a34fb0815f4dc2f6edd184,non_custodial,True,2026-04-19T08:28:31+00:00,2026-04-19T08:28:31+00:00
19,8,arbitrum,0xcac96bcf20be495cbfc0874cd443eaec,non_custodial,False,2026-04-19T17:52:31+00:00,2026-04-19T17:52:31+00:00
20,8,polygon,0x22b0032efc65414d93b153b449255e62,non_custodial,False,2026-04-21T23:39:31+00:00,2026-04-21T23:39:31+00:00
21,9,polygon,0x8a98df6c1cb446219c6d15cfe70e44bd,non_custodial,True,2026-05-15T02:35:52+00:00,2026-05-15T02:35:52+00:00
22,9,bsc,0x8c7c4eec311e49cb87e397cbe944feca,non_custodial,False,2026-05-16T02:11:52+00:00,2026-05-16T02:11:52+00:00
23,10,polygon,0xe8bc3986e37e467aa1a3aabbfe162a90,non_custodial,True,2026-05-13T03:29:18+00:00,2026-05-13T03:29:18+00:00
24,10,ethereum,0xb33adfa9807b47cba7612d71de25b697,non_custodial,False,2026-05-12T20:05:18+00:00,2026-05-12T20:05:18+00:00
25,11,bsc,0xded57906ae5345fe9387356d12c16ff6,non_custodial,True,2026-02-09T06:47:43+00:00,2026-02-09T06:47:43+00:00
26,12,base,0x2c7e83fb218a45e885a58d6529730611,non_custodial,True,2026-04-14T06:15:47+00:00,2026-04-14T06:15:47+00:00
27,13,base,0x5df6bf9b0d1942509ecace396c3a4e0f,non_custodial,True,2026-07-29T03:03:29+00:00,2026-07-29T03:03:29+00:00
28,14,bsc,0x503433db77f647ffbad37f465a1a37b9,non_custodial,True,2026-08-03T15:00:29+00:00,2026-08-03T15:00:29+00:00
29,14,polygon,0x28c23e7937f04cd7bc77ce3c882694a0,non_custodial,False,2026-08-03T13:15:29+00:00,2026-08-03T13:15:29+00:00
30,15,base,0xe8dc2b8215ae4c29affbe19349a2eb14,non_custodial,True,2026-05-22T15:26:57+00:00,2026-05-22T15:26:57+00:00
31,15,polygon,0x4626fd6295a14c8aa8919db28897b330,non_custodial,False,2026-05-23T19:32:57+00:00,2026-05-23T19:32:57+00:00
32,15,arbitrum,0xd3f0c95e6cf9490a896a97a3896efd61,non_custodial,False,2026-05-21T14:48:57+00:00,2026-05-21T14:48:57+00:00
33,16,arbitrum,0xc313e22d9d5f4efbbef73d698694d84a,non_custodial,True,2026-01-20T12:20:51+00:00,2026-01-20T12:20:51+00:00
34,16,polygon,0x0225dbd458e54fb0a502a509224be8e0,non_custodial,False,2026-01-21T13:02:51+00:00,2026-01-21T13:02:51+00:00
35,17,arbitrum,0x237bbb68659849189cb0a2877c9f853d,non_custodial,True,2026-04-03T23:41:05+00:00,2026-04-03T23:41:05+00:00
36,17,polygon,0x64a0c49a946f4bed915cb8e7afee603c,non_custodial,False,2026-04-01T19:43:05+00:00,2026-04-01T19:43:05+00:00
37,18,ethereum,0x27f922ac90bd44c8b0e811bb76843a53,non_custodial,True,2026-06-28T10:49:25+00:00,2026-06-28T10:49:25+00:00
38,18,bsc,0xce8eeca522164f54a5b785e4568580f2,non_custodial,False,2026-06-28T20:11:25+00:00,2026-06-28T20:11:25+00:00
39,18,arbitrum,0x564bc4a358c44babb030a3c8bd02a74c,non_custodial,False,2026-06-28T17:29:25+00:00,2026-06-28T17:29:25+00:00
40,19,polygon,0x66610775210b461680de6194e8bc870e,non_custodial,True,2026-05-20T22:30:46+00:00,2026-05-20T22:30:46+00:00
41,19,base,0xdf40433e572846ff80375f6312f3c958,non_custodial,False,2026-05-21T05:47:46+00:00,2026-05-21T05:47:46+00:00
42,20,bsc,0x9d10c59adc884c1b8caf237241ac3e6e,non_custodial,True,2026-01-29T08:00:10+00:00,2026-01-29T08:00:10+00:00
43,20,polygon,0x114ad5d3c3ee4da6b4e179ff820018d6,non_custodial,False,2026-01-30T13:05:10+00:00,2026-01-30T13:05:10+00:00
44,20,arbitrum,0x1bf5564864204042a0abe07b9614b05c,non_custodial,False,2026-01-30T02:31:10+00:00,2026-01-30T02:31:10+00:00
45,21,bsc,0xcc4fd25b51014819877f59deab9c3ada,non_custodial,True,2026-07-28T05:46:40+00:00,2026-07-28T05:46:40+00:00
46,22,ethereum,0xb68cdb7f73054cebb0cac279b08d6af6,non_custodial,True,2026-05-30T00:23:51+00:00,2026-05-30T00:23:51+00:00
47,22,base,0x796309cfe12c4b3eacdc6413d0c0a92c,non_custodial,False,2026-05-30T13:12:51+00:00,2026-05-30T13:12:51+00:00
48,23,bsc,0x9021e85dd841482784b76be1562031c7,non_custodial,True,2026-03-29T01:38:42+00:00,2026-03-29T01:38:42+00:00
49,23,polygon,0xfb8618ad1f9342d3b94534739f477467,non_custodial,False,2026-03-28T08:52:42+00:00,2026-03-28T08:52:42+00:00
50,24,bsc,0x64645e5fa185401799c492f84ddb02a1,non_custodial,True,2026-01-16T07:12:45+00:00,2026-01-16T07:12:45+00:00
51,25,polygon,0xff70ff65a7b74cc9a159d190d1e67916,non_custodial,True,2026-01-26T20:04:21+00:00,2026-01-26T20:04:21+00:00
52,25,arbitrum,0xdd9a492627f5468593ee63e85380951d,non_custodial,False,2026-01-27T05:12:21+00:00,2026-01-27T05:12:21+00:00
53,26,arbitrum,0x9cb814a772f74c298b1c98ecd5237ac1,non_custodial,True,2026-03-25T22:41:22+00:00,2026-03-25T22:41:22+00:00
54,26,base,0xd3cb28146c9e42678268186f2b1e89c7,non_custodial,False,2026-03-25T19:11:22+00:00,2026-03-25T19:11:22+00:00
55,27,polygon,0x11f02d7cb399451bb4ceb226644b1d2f,non_custodial,True,2026-02-28T07:13:35+00:00,2026-02-28T07:13:35+00:00
56,28,base,0xa72c25cb88824dcc924a0b1703b67d59,non_custodial,True,2026-08-09T16:34:48+00:00,2026-08-09T16:34:48+00:00
57,29,ethereum,0x308f2f37750044649ca206388e204c12,non_custodial,True,2026-06-17T03:34:33+00:00,2026-06-17T03:34:33+00:00
58,29,arbitrum,0xa620959c4cc94bb6a17d840e97ff91f1,non_custodial,False,2026-06-17T21:23:33+00:00,2026-06-17T21:23:33+00:00
59,30,polygon,0x831f2fec28394ddb8441307b31697fa6,non_custodial,True,2026-03-29T06:10:03+00:00,2026-03-29T06:10:03+00:00
60,30,arbitrum,0xba426d89c72f48ab813a0a6248d589b6,non_custodial,False,2026-03-27T10:23:03+00:00,2026-03-27T10:23:03+00:00
61,31,bsc,0x43fd87f1b5ec46c6876ac8b7cccb5929,non_custodial,True,2026-02-07T08:49:13+00:00,2026-02-07T08:49:13+00:00
62,32,base,0xad0e55bf5ab94265906bb050cb902503,non_custodial,True,2026-03-04T13:10:25+00:00,2026-03-04T13:10:25+00:00
63,32,polygon,0x2d7ff025dbe8471db7992e3af046bde4,non_custodial,False,2026-03-06T07:52:25+00:00,2026-03-06T07:52:25+00:00
64,33,polygon,0x8205a77734d2444180d434af641f5ffd,non_custodial,True,2026-05-31T02:30:28+00:00,2026-05-31T02:30:28+00:00
65,34,bsc,0xca710ab7388d4d38902d1b1e1488be0e,non_custodial,True,2026-07-27T17:28:11+00:00,2026-07-27T17:28:11+00:00
66,34,ethereum,0x0671a2287c344dad8055b0553c4f55cf,non_custodial,False,2026-07-27T14:39:11+00:00,2026-07-27T14:39:11+00:00
67,35,polygon,0xfdad3bb33b0140e7b19724fbf457d005,non_custodial,True,2026-02-15T14:51:58+00:00,2026-02-15T14:51:58+00:00
68,35,bsc,0xf7fac652bf754b26b51ae5b214d65f20,non_custodial,False,2026-02-17T09:11:58+00:00,2026-02-17T09:11:58+00:00
69,36,arbitrum,0xb43d5c6bc3d24e439a64ae29a6d14813,non_custodial,True,2026-02-16T04:00:29+00:00,2026-02-16T04:00:29+00:00
70,37,polygon,0xb88f424c16f54daa9acff97bb6da1e59,non_custodial,True,2026-06-29T03:54:41+00:00,2026-06-29T03:54:41+00:00
71,37,arbitrum,0x77711a4da2cf4b47bff9b2223b19c550,non_custodial,False,2026-06-28T19:23:41+00:00,2026-06-28T19:23:41+00:00
72,38,bsc,0xe6ebe66d83074aa1ab265a05de4bd7fd,non_custodial,True,2026-07-16T06:34:02+00:00,2026-07-16T06:34:02+00:00
73,38,base,0x74967db7c7064277aec30adec97ca586,non_custodial,False,2026-07-16T05:17:02+00:00,2026-07-16T05:17:02+00:00
74,39,polygon,0x370051d7acfb46eca3e2bca977c39810,non_custodial,True,2026-09-03T17:48:12+00:00,2026-09-03T17:48:12+00:00
75,39,base,0x6e28905d97cd4644b52c77e0b3ac673d,non_custodial,False,2026-09-03T15:05:12+00:00,2026-09-03T15:05:12+00:00
76,39,arbitrum,0x8d980544cf6a4c2eb7107882fdfcaf83,non_custodial,False,2026-09-02T13:08:12+00:00,2026-09-02T13:08:12+00:00
77,40,arbitrum,0xded475d17970478a95a0eeee09178cf5,non_custodial,True,2026-08-27T09:13:49+00:00,2026-08-27T09:13:49+00:00
78,40,ethereum,0x7d7391f8747647f288218f5200a68242,non_custodial,False,2026-08-26T02:57:49+00:00,2026-08-26T02:57:49+00:00
79,40,bsc,0xfb2b9c4f246940cfb1373e6e3d0ed91d,non_custodial,False,2026-08-27T20:52:49+00:00,2026-08-27T20:52:49+00:00
80,41,ethereum,0x5e3c2d46fa3f4668b84fac2b9e52ebd0,non_custodial,True,2026-03-07T10:31:46+00:00,2026-03-07T10:31:46+00:00
81,42,polygon,0xcbcf30fb551d41dd83c20859ab781476,non_custodial,True,2026-08-22T21:38:05+00:00,2026-08-22T21:38:05+00:00
82,43,bsc,0x2f4152b1777b4ecfa105a7e85cf187c4,non_custodial,True,2026-02-16T10:14:57+00:00,2026-02-16T10:14:57+00:00
83,44,base,0x47604ac39f8548f195aa32612368b457,non_custodial,True,2026-01-25T15:48:06+00:00,2026-01-25T15:48:06+00:00
84,45,ethereum,0x1d1c848c9c034687b8b0c85f03363174,non_custodial,True,2026-02-04T08:22:52+00:00,2026-02-04T08:22:52+00:00
85,45,base,0x86515820394844899e72411049759136,non_custodial,False,2026-02-03T08:55:52+00:00,2026-02-03T08:55:52+00:00
86,46,arbitrum,0x198185ffdd9e47899dd7722b923fc13e,non_custodial,True,2026-02-21T05:20:22+00:00,2026-02-21T05:20:22+00:00
87,46,polygon,0xf33a49067b6d4ac3b031decdd6fbca07,non_custodial,False,2026-02-19T16:50:22+00:00,2026-02-19T16:50:22+00:00
88,47,base,0x6c31ef800adf42c0b350d1f40cafad77,non_custodial,True,2026-08-05T04:55:27+00:00,2026-08-05T04:55:27+00:00
89,48,ethereum,0xc436fe6e17b44ed39243e6bd7106bb83,non_custodial,True,2026-08-27T12:40:54+00:00,2026-08-27T12:40:54+00:00
90,48,bsc,0xc78d1fc44ff24d428fe9256a4b5e5a91,non_custodial,False,2026-08-25T18:09:54+00:00,2026-08-25T18:09:54+00:00
91,49,arbitrum,0x5a40645d4e7945bab235ea78170d5644,non_custodial,True,2026-03-23T02:35:49+00:00,2026-03-23T02:35:49+00:00
92,50,arbitrum,0x662f38d65a70489caf1ce16bd5535bc9,non_custodial,True,2026-06-21T22:13:19+00:00,2026-06-21T22:13:19+00:00
93,51,base,0x0fc8a26e08d24cb0aac556b6c1860e77,non_custodial,True,2026-04-09T07:00:52+00:00,2026-04-09T07:00:52+00:00
94,51,polygon,0xc6be3d13e58c4681a4c78a9aa1e8511b,non_custodial,False,2026-04-08T18:43:52+00:00,2026-04-08T18:43:52+00:00
95,52,base,0xd2cc04db77fe44e9a4dae151ea7f6994,non_custodial,True,2026-01-11T22:09:12+00:00,2026-01-11T22:09:12+00:00
96,53,base,0xdb1ad26152a9440b87b712211ef5d48f,non_custodial,True,2026-08-18T19:21:33+00:00,2026-08-18T19:21:33+00:00
97,53,polygon,0x9e95c6aa7caa4c2b8106c34cf0604cb1,non_custodial,False,2026-08-19T05:17:33+00:00,2026-08-19T05:17:33+00:00
98,54,polygon,0xfbb2bb152288460da26626db1914f073,non_custodial,True,2026-01-26T15:29:35+00:00,2026-01-26T15:29:35+00:00
99,54,bsc,0xb0b4035fbc5240808603a393d12798cc,non_custodial,False,2026-01-25T16:01:35+00:00,2026-01-25T16:01:35+00:00
100,55,polygon,0x95badee177434c8cb223b522c23575c5,non_custodial,True,2026-05-10T23:06:00+00:00,2026-05-10T23:06:00+00:00
101,56,ethereum,0x9989dcf4ca664a14bebd691b143ea9ee,non_custodial,True,2026-04-21T09:27:46+00:00,2026-04-21T09:27:46+00:00
102,56,arbitrum,0x250d98bd1113406a95105006f6bff69f,non_custodial,False,2026-04-21T02:42:46+00:00,2026-04-21T02:42:46+00:00
103,57,polygon,0x5c1f617d2ed240ab963600c4a65e67c9,non_custodial,True,2026-02-21T20:01:08+00:00,2026-02-21T20:01:08+00:00
104,57,ethereum,0x76137170437c45428f2246661828d3e4,non_custodial,False,2026-02-23T08:31:08+00:00,2026-02-23T08:31:08+00:00
105,57,bsc,0xa2971289b1264cabb67c94bac984b235,non_custodial,False,2026-02-23T21:37:08+00:00,2026-02-23T21:37:08+00:00
106,58,polygon,0x4f97be91c7144dca991d498322a237b9,non_custodial,True,2026-04-08T02:17:54+00:00,2026-04-08T02:17:54+00:00
107,59,polygon,0x0b03ac6f486b49be9a601b3599dbfd12,non_custodial,True,2026-02-07T09:54:48+00:00,2026-02-07T09:54:48+00:00
108,59,base,0x37adecdafe974e39b57d39190da2cc07,non_custodial,False,2026-02-07T06:04:48+00:00,2026-02-07T06:04:48+00:00
109,60,base,0x921b02cdbdd14e4d90bd11e39df23c29,non_custodial,True,2026-05-18T21:12:33+00:00,2026-05-18T21:12:33+00:00
110,60,bsc,0x7539800d5d514b10a49a64c21295b179,non_custodial,False,2026-05-19T21:05:33+00:00,2026-05-19T21:05:33+00:00
111,60,ethereum,0x380243b15741473ebdeace3f49601e63,non_custodial,False,2026-05-19T22:04:33+00:00,2026-05-19T22:04:33+00:00
112,61,arbitrum,0x6ff4cce93c404c6c8b12f67246197f58,non_custodial,True,2026-01-22T19:40:43+00:00,2026-01-22T19:40:43+00:00
113,61,ethereum,0xbb3738d13e82406289fd1584471e13d4,non_custodial,False,2026-01-22T01:36:43+00:00,2026-01-22T01:36:43+00:00
114,62,base,0x842f205308924e3b844348418707beb8,non_custodial,True,2026-05-15T02:04:46+00:00,2026-05-15T02:04:46+00:00
115,62,bsc,0x9149ffb9086b48278fb17d4346f06e08,non_custodial,False,2026-05-15T11:27:46+00:00,2026-05-15T11:27:46+00:00
116,63,polygon,0xf9115e42ef7744b9829af7b6fe653bec,non_custodial,True,2026-03-17T16:43:31+00:00,2026-03-17T16:43:31+00:00
117,64,polygon,0x11e55b1116db488f8fea4930cf8d4fbe,non_custodial,True,2026-06-14T08:25:18+00:00,2026-06-14T08:25:18+00:00
118,64,ethereum,0x1687dcfb53544433bbbd574ea0a59449,non_custodial,False,2026-06-15T03:55:18+00:00,2026-06-15T03:55:18+00:00
119,65,ethereum,0x4f95df4493d44d35b367847df72be937,non_custodial,True,2026-04-09T00:15:53+00:00,2026-04-09T00:15:53+00:00
120,66,arbitrum,0x83f88621d0d54dc48c2893484e08d724,non_custodial,True,2026-02-09T00:34:31+00:00,2026-02-09T00:34:31+00:00
121,67,arbitrum,0x0054d2b0d562405da8222d8e2a00f9df,non_custodial,True,2026-01-07T18:59:11+00:00,2026-01-07T18:59:11+00:00
122,67,base,0xe17c66a0702d4ef192a3ebe2661fa726,non_custodial,False,2026-01-08T09:04:11+00:00,2026-01-08T09:04:11+00:00
123,68,ethereum,0x00f52f4045e0407d97317dae13834463,non_custodial,True,2026-06-09T12:47:12+00:00,2026-06-09T12:47:12+00:00
124,68,base,0x9aceec1448464fb6893639eefd0c4424,non_custodial,False,2026-06-08T10:42:12+00:00,2026-06-08T10:42:12+00:00
125,69,arbitrum,0x7ff52eeebf4045949e660e255b98ecb0,non_custodial,True,2026-06-06T12:16:59+00:00,2026-06-06T12:16:59+00:00
126,69,base,0x7c4abb0fee034c369a07f4dd8f2ed1a4,non_custodial,False,2026-06-08T14:47:59+00:00,2026-06-08T14:47:59+00:00
127,70,arbitrum,0xb59d8fbb350f4efeb89f6e16132c7b1b,non_custodial,True,2026-01-03T09:20:22+00:00,2026-01-03T09:20:22+00:00
128,71,bsc,0x5f460ee4afab4658b695dcd7b0fa72bc,non_custodial,True,2026-04-23T05:49:55+00:00,2026-04-23T05:49:55+00:00
129,71,arbitrum,0xe7459f3b023a435d903a7963ac4d4d11,non_custodial,False,2026-04-22T20:07:55+00:00,2026-04-22T20:07:55+00:00
130,72,ethereum,0x252eb330bbbd4dd085cb5b8b5833b1db,non_custodial,True,2026-07-10T16:22:22+00:00,2026-07-10T16:22:22+00:00
131,72,polygon,0x13b72b0fd28f4175bb0f9143e109b901,non_custodial,False,2026-07-10T02:28:22+00:00,2026-07-10T02:28:22+00:00
132,73,arbitrum,0x92115bddc29f41b3a47df1cb9763b128,non_custodial,True,2026-03-29T11:28:09+00:00,2026-03-29T11:28:09+00:00
133,73,base,0xa934effefe574bafbb5420c58702542e,non_custodial,False,2026-03-28T09:53:09+00:00,2026-03-28T09:53:09+00:00
134,74,ethereum,0xb3eb13e5fe6643dcb69fa89230e2adde,non_custodial,True,2026-01-25T05:10:56+00:00,2026-01-25T05:10:56+00:00
135,74,arbitrum,0x2115ed9d88ee4637a7f75442ca2a0b20,non_custodial,False,2026-01-25T17:22:56+00:00,2026-01-25T17:22:56+00:00
136,74,polygon,0x752f07997bf847b9a992954a53964287,non_custodial,False,2026-01-25T11:20:56+00:00,2026-01-25T11:20:56+00:00
137,75,ethereum,0x70220466a98b48799a226f114d385f74,non_custodial,True,2026-08-17T08:31:47+00:00,2026-08-17T08:31:47+00:00
138,76,arbitrum,0x6a2e5206bd254a7598ffad5b55f49e28,non_custodial,True,2026-03-05T16:21:45+00:00,2026-03-05T16:21:45+00:00
139,76,bsc,0x86df24709b9c426c985b1e200e4d1e9c,non_custodial,False,2026-03-04T15:49:45+00:00,2026-03-04T15:49:45+00:00
140,77,base,0xa808297355a349e0abda6b55b83c59a1,non_custodial,True,2026-03-15T15:42:51+00:00,2026-03-15T15:42:51+00:00
141,77,ethereum,0x8e34f04fb45640e795da17e342d560e4,non_custodial,False,2026-03-16T05:05:51+00:00,2026-03-16T05:05:51+00:00
142,78,bsc,0x4141cfab4fff45a184a01f12b1be4085,non_custodial,True,2026-04-02T16:43:33+00:00,2026-04-02T16:43:33+00:00
143,79,bsc,0xd2dfa71e47b1441ebb953d27d5a41b7e,non_custodial,True,2026-04-08T22:14:36+00:00,2026-04-08T22:14:36+00:00
144,80,base,0xc17448c640284951b25bdaa2378bbf69,non_custodial,True,2026-08-31T07:30:14+00:00,2026-08-31T07:30:14+00:00
145,81,polygon,0xf94f5bc4dce64b508b90e54f6f91c352,non_custodial,True,2026-08-10T14:27:48+00:00,2026-08-10T14:27:48+00:00
146,82,base,0x596183e688ac4433932529044b722e66,non_custodial,True,2026-03-22T13:59:01+00:00,2026-03-22T13:59:01+00:00
147,83,bsc,0x641eaaa47e5c47729511368d85c078a8,non_custodial,True,2026-06-05T19:59:29+00:00,2026-06-05T19:59:29+00:00
148,83,arbitrum,0x4788ae64fd594e65b551a95fa28e8bf4,non_custodial,False,2026-06-06T01:45:29+00:00,2026-06-06T01:45:29+00:00
149,84,base,0x06daae81552d4bf7babab4c16cecdc96,non_custodial,True,2026-06-28T19:27:30+00:00,2026-06-28T19:27:30+00:00
150,84,arbitrum,0x9cf11b40bcc54252840d629fbce55c23,non_custodial,False,2026-06-28T23:25:30+00:00,2026-06-28T23:25:30+00:00
151,85,ethereum,0xf8985f7e1c774687bc5d1338cd95561d,non_custodial,True,2026-06-30T23:15:50+00:00,2026-06-30T23:15:50+00:00
152,86,arbitrum,0xf0229779869f45dab560726bd5dba44e,non_custodial,True,2026-01-31T12:13:21+00:00,2026-01-31T12:13:21+00:00
153,87,ethereum,0x359c446d64244e4d93d54b4e29f27d05,non_custodial,True,2026-04-14T20:17:49+00:00,2026-04-14T20:17:49+00:00
154,87,bsc,0x1745b72801c7456eb404e1f9daaf2c76,non_custodial,False,2026-04-14T22:17:49+00:00,2026-04-14T22:17:49+00:00
155,88,polygon,0x83e8fa741f0b4940b6f6aa4a1aa1c0e7,non_custodial,True,2026-04-06T12:45:44+00:00,2026-04-06T12:45:44+00:00
156,88,arbitrum,0xc32c373d4d45422f87e0abd647a175cd,non_custodial,False,2026-04-07T00:55:44+00:00,2026-04-07T00:55:44+00:00
157,89,base,0xf6d8494dcbad4200b3e7079011060a4c,non_custodial,True,2026-06-22T16:59:34+00:00,2026-06-22T16:59:34+00:00
158,90,ethereum,0x5c43a9d9a5b243c282876aed9167e197,non_custodial,True,2026-08-29T03:08:59+00:00,2026-08-29T03:08:59+00:00
159,91,base,0xea0006cf628d47d5a37aef3a0a7a89aa,non_custodial,True,2026-04-29T21:31:43+00:00,2026-04-29T21:31:43+00:00
160,91,ethereum,0x51cce08137a34e80b8332d41b154e436,non_custodial,False,2026-04-29T00:28:43+00:00,2026-04-29T00:28:43+00:00
161,92,ethereum,0x0fc070ce966b4dcda1be8eaaa718749b,non_custodial,True,2026-02-16T06:36:23+00:00,2026-02-16T06:36:23+00:00
162,92,arbitrum,0xb3f078980aab40f28cc723d6b28001d5,non_custodial,False,2026-02-14T20:16:23+00:00,2026-02-14T20:16:23+00:00
163,93,ethereum,0x15ffebc8313446b58f3141dd1d5fc4ad,non_custodial,True,2026-03-04T07:54:46+00:00,2026-03-04T07:54:46+00:00
164,93,arbitrum,0x2d76c19e8ca54cefb3e311e40d891f5c,non_custodial,False,2026-03-02T17:34:46+00:00,2026-03-02T17:34:46+00:00
165,94,base,0xd2ecac113be84ca587143dc625c47155,non_custodial,True,2026-03-24T03:25:38+00:00,2026-03-24T03:25:38+00:00
166,95,arbitrum,0x316845ebfe434c5d8e7a5fe8a6ebe2a9,non_custodial,True,2026-07-17T21:56:13+00:00,2026-07-17T21:56:13+00:00
167,95,ethereum,0xd9ea85b0208442e6912426adb320fac3,non_custodial,False,2026-07-18T14:34:13+00:00,2026-07-18T14:34:13+00:00
168,96,bsc,0x9ab76af67626419d943392a363e0ac48,non_custodial,True,2026-02-06T14:46:02+00:00,2026-02-06T14:46:02+00:00
169,97,arbitrum,0x728b0515f7614067ba9b6defd70c2324,non_custodial,True,2026-01-04T13:15:53+00:00,2026-01-04T13:15:53+00:00
170,97,polygon,0x22e1e7cba1794cd5a932568c701e0d09,non_custodial,False,2026-01-04T22:16:53+00:00,2026-01-04T22:16:53+00:00
171,98,arbitrum,0x905686cb420448569a57519a762caea6,non_custodial,True,2026-03-06T21:20:11+00:00,2026-03-06T21:20:11+00:00
172,99,base,0x803133b9e99f4d0997cf4a02e9b56b1f,non_custodial,True,2026-08-08T19:29:51+00:00,2026-08-08T19:29:51+00:00
173,99,bsc,0x95c39cc5da5f4d7ca2764474c39cfe2f,non_custodial,False,2026-08-07T12:12:51+00:00,2026-08-07T12:12:51+00:00
174,99,polygon,0x9cdeb5327708459090bdc8957ae1a423,non_custodial,False,2026-08-07T20:23:51+00:00,2026-08-07T20:23:51+00:00
175,100,base,0x1c1853a77cab4850b1ef1f7bb401d310,non_custodial,True,2026-02-28T14:40:11+00:00,2026-02-28T14:40:11+00:00
176,100,arbitrum,0xe73cd787f6f040a4bce736f6ac13ba14,non_custodial,False,2026-03-01T03:41:11+00:00,2026-03-01T03:41:11+00:00
177,101,polygon,0x936e0dce23cc430383cdf558992e9d9a,non_custodial,True,2026-08-17T15:16:57+00:00,2026-08-17T15:16:57+00:00
178,101,arbitrum,0x4cf0003d34a74654a22ea8735fa61f45,non_custodial,False,2026-08-17T09:09:57+00:00,2026-08-17T09:09:57+00:00
179,102,bsc,0xfd22c7149bc64fdd8b18f71b9bea92bd,non_custodial,True,2026-02-20T21:39:42+00:00,2026-02-20T21:39:42+00:00
180,103,bsc,0xe5b44085e70b42489c13e8d8b181169a,non_custodial,True,2026-01-17T03:14:49+00:00,2026-01-17T03:14:49+00:00
181,104,ethereum,0x7438ddfca30d42318a978ad2fecc162b,non_custodial,True,2026-02-10T00:14:21+00:00,2026-02-10T00:14:21+00:00
182,104,arbitrum,0x77fcbd3506e04e918de9efbc5a9498a1,non_custodial,False,2026-02-11T06:57:21+00:00,2026-02-11T06:57:21+00:00
183,105,ethereum,0xb383b0b259864eb69b15d90927e915e8,non_custodial,True,2026-08-30T07:37:04+00:00,2026-08-30T07:37:04+00:00
184,105,arbitrum,0x89be0675a65e48f99fdfdd63f7e853cc,non_custodial,False,2026-08-31T10:23:04+00:00,2026-08-31T10:23:04+00:00
185,106,ethereum,0xdbaa3c49680b4bec984c428cda6e890c,non_custodial,True,2026-03-13T06:09:51+00:00,2026-03-13T06:09:51+00:00
186,106,arbitrum,0x734c2a3c710e4c36992b42c0dd657085,non_custodial,False,2026-03-12T02:13:51+00:00,2026-03-12T02:13:51+00:00
187,107,ethereum,0xa39be00ac5ba440bb5a6822af1c61e17,non_custodial,True,2026-05-10T19:18:34+00:00,2026-05-10T19:18:34+00:00
188,108,base,0x23a0cba2f53441bca34c2d3ecb7435de,non_custodial,True,2026-04-16T06:17:34+00:00,2026-04-16T06:17:34+00:00
189,109,base,0xfbbfe46458544a5f9349a29687ad5fbc,non_custodial,True,2026-05-31T09:18:50+00:00,2026-05-31T09:18:50+00:00
190,109,polygon,0xf527c50228764624abfbc8933050ee4a,non_custodial,False,2026-05-30T21:52:50+00:00,2026-05-30T21:52:50+00:00
191,110,polygon,0x46506f02e36648fdb7767f573b667f92,non_custodial,True,2026-03-22T11:19:12+00:00,2026-03-22T11:19:12+00:00
192,110,bsc,0x96a7fee1ad0640469d88acdf910df061,non_custodial,False,2026-03-20T18:19:12+00:00,2026-03-20T18:19:12+00:00
193,110,base,0x1806844ac3e4483daf80a56edd767389,non_custodial,False,2026-03-21T20:36:12+00:00,2026-03-21T20:36:12+00:00
194,111,base,0x0e2aa05f318c45f69300d8be01b101be,non_custodial,True,2026-04-01T19:39:37+00:00,2026-04-01T19:39:37+00:00
195,111,bsc,0x786d262022364ecfbaf543c8061b24a4,non_custodial,False,2026-04-02T05:00:37+00:00,2026-04-02T05:00:37+00:00
196,112,ethereum,0x9934e609b27f475cbf790838109c3675,non_custodial,True,2026-06-06T22:00:19+00:00,2026-06-06T22:00:19+00:00
197,112,polygon,0x55419a80805c43818c3dc42a86f12fb3,non_custodial,False,2026-06-07T17:34:19+00:00,2026-06-07T17:34:19+00:00
198,113,bsc,0xe88c25c29ce849d3bd6864e0881cbfca,non_custodial,True,2026-04-21T02:34:00+00:00,2026-04-21T02:34:00+00:00
199,114,arbitrum,0x510bd1f917a4446ebb7e31b357d69af7,non_custodial,True,2026-06-07T21:55:21+00:00,2026-06-07T21:55:21+00:00
200,114,bsc,0x0a9ee933086145d0930dc28de849373f,non_custodial,False,2026-06-06T14:10:21+00:00,2026-06-06T14:10:21+00:00
201,115,bsc,0x41d567c9cd34495bb824664fa990923b,non_custodial,True,2026-02-15T02:55:46+00:00,2026-02-15T02:55:46+00:00
202,115,arbitrum,0xf036e669c0f842f6b8e3fc556fe333ad,non_custodial,False,2026-02-17T03:23:46+00:00,2026-02-17T03:23:46+00:00
203,116,arbitrum,0x7cab790874924139898e18d000e41e2b,non_custodial,True,2026-04-14T20:37:33+00:00,2026-04-14T20:37:33+00:00
204,117,polygon,0x82e9b2973e9a4d7a9645fffeddb4870a,non_custodial,True,2026-06-19T05:12:40+00:00,2026-06-19T05:12:40+00:00
205,118,arbitrum,0xc813391fb1a4499eabd2667482f738bc,non_custodial,True,2026-06-20T00:06:08+00:00,2026-06-20T00:06:08+00:00
206,118,polygon,0xf3746f27948447568420d5843a06247d,non_custodial,False,2026-06-20T13:29:08+00:00,2026-06-20T13:29:08+00:00
207,119,base,0x1926fd2a9158434e938edaeb58c145de,non_custodial,True,2026-05-31T00:12:53+00:00,2026-05-31T00:12:53+00:00
208,119,ethereum,0xbcac8749e9914a769a28be7fb2cc25cf,non_custodial,False,2026-05-31T15:57:53+00:00,2026-05-31T15:57:53+00:00
209,120,base,0x740f6fca78334d22be7064fe2c947001,non_custodial,True,2026-01-20T23:09:44+00:00,2026-01-20T23:09:44+00:00
210,120,bsc,0x70297a64089a4bf5978346363315681f,non_custodial,False,2026-01-19T10:13:44+00:00,2026-01-19T10:13:44+00:00
211,121,ethereum,0xc0aa1dbb30cc45e1a348270d814ab4dd,non_custodial,True,2026-07-30T04:40:10+00:00,2026-07-30T04:40:10+00:00
212,121,bsc,0x7262f03acb8149adaa47cef6e56dbf7b,non_custodial,False,2026-07-29T18:45:10+00:00,2026-07-29T18:45:10+00:00
213,122,arbitrum,0xa1d3abe723a24062941c3af6eab35252,non_custodial,True,2026-01-29T13:19:11+00:00,2026-01-29T13:19:11+00:00
214,123,arbitrum,0x54d6ad074a614c0eb2a91f0a127d07b6,non_custodial,True,2026-02-19T18:15:31+00:00,2026-02-19T18:15:31+00:00
215,124,base,0x60ee8455b3474b21ba9beea8f56b81e5,non_custodial,True,2026-06-10T10:23:52+00:00,2026-06-10T10:23:52+00:00
216,125,base,0x60132c44cbe244b1976412503fb1e962,non_custodial,True,2026-08-06T01:35:55+00:00,2026-08-06T01:35:55+00:00
217,125,polygon,0xbd99431a2e974f37bbbb24d2b2592997,non_custodial,False,2026-08-05T19:11:55+00:00,2026-08-05T19:11:55+00:00
218,126,polygon,0xc74be4db981240988060ffb23951ce64,non_custodial,True,2026-05-31T03:53:24+00:00,2026-05-31T03:53:24+00:00
219,127,arbitrum,0x152d495281d94161a8f789bafeeb981c,non_custodial,True,2026-04-29T00:47:22+00:00,2026-04-29T00:47:22+00:00
220,127,polygon,0xb8f0e9be6f664c0aacdf4a6c2a61e0d0,non_custodial,False,2026-04-29T23:39:22+00:00,2026-04-29T23:39:22+00:00
221,128,polygon,0x93ca926cc1cc49b3b990f85c723997d4,non_custodial,True,2026-05-01T08:49:11+00:00,2026-05-01T08:49:11+00:00
222,129,bsc,0x88c295e3747c41efb4b912ea0b4f26e2,non_custodial,True,2026-08-16T14:50:59+00:00,2026-08-16T14:50:59+00:00
223,129,ethereum,0xbcc21e36d90142ebb901fb4cd5e29161,non_custodial,False,2026-08-15T22:08:59+00:00,2026-08-15T22:08:59+00:00
224,129,base,0x9cfd7b019a774888bf57a5d49f32e6cb,non_custodial,False,2026-08-15T02:38:59+00:00,2026-08-15T02:38:59+00:00
225,130,bsc,0x1ed9d8df87174ba187f3e82fa5909a76,non_custodial,True,2026-07-01T21:24:14+00:00,2026-07-01T21:24:14+00:00
226,130,polygon,0x306ad1bd18e34bbeb02f0d8dccd99526,non_custodial,False,2026-07-02T17:51:14+00:00,2026-07-02T17:51:14+00:00
227,131,base,0xf8e4120eb3604194bcd1e1787b51c329,non_custodial,True,2026-07-20T10:34:13+00:00,2026-07-20T10:34:13+00:00
228,132,polygon,0x1858ed7ab0864bf08d91682fc9354f89,non_custodial,True,2026-02-05T17:03:06+00:00,2026-02-05T17:03:06+00:00
229,133,arbitrum,0x2f5114130269492e9c1b1920fdb600db,non_custodial,True,2026-05-13T04:15:51+00:00,2026-05-13T04:15:51+00:00
230,133,base,0x65119d50101b40bfb46c885aec28cf78,non_custodial,False,2026-05-12T03:16:51+00:00,2026-05-12T03:16:51+00:00
231,133,ethereum,0x5f7ba7f5a8a04bb49d74ae98e768f74c,non_custodial,False,2026-05-11T23:16:51+00:00,2026-05-11T23:16:51+00:00
232,134,base,0xba0380a871064d03b4db7b76d879b991,non_custodial,True,2026-04-01T00:28:09+00:00,2026-04-01T00:28:09+00:00
233,135,ethereum,0x8e1519f06f98473b8d8d3acaf9699aab,non_custodial,True,2026-01-19T08:52:35+00:00,2026-01-19T08:52:35+00:00
234,135,base,0xf2dabbd261264906a087450eb86492eb,non_custodial,False,2026-01-19T05:21:35+00:00,2026-01-19T05:21:35+00:00
235,136,ethereum,0x92f099c1f79041fcbd86c4d9634dda0a,non_custodial,True,2026-01-30T14:23:29+00:00,2026-01-30T14:23:29+00:00
236,136,arbitrum,0xfebf6051825844d7a13e16958d2106e7,non_custodial,False,2026-01-29T16:04:29+00:00,2026-01-29T16:04:29+00:00
237,136,base,0x07c5e262ed63414bbda36bb4fab80d05,non_custodial,False,2026-01-30T03:25:29+00:00,2026-01-30T03:25:29+00:00
238,137,polygon,0xb1eef81a5a534501a4446c29a4e61334,non_custodial,True,2026-03-20T06:14:03+00:00,2026-03-20T06:14:03+00:00
239,137,ethereum,0x3e65327d07b44c0087591f23f6bc552d,non_custodial,False,2026-03-20T06:52:03+00:00,2026-03-20T06:52:03+00:00
240,138,ethereum,0x4288f3e8c9f84f4e9f363166bd9cbed2,non_custodial,True,2026-04-08T02:14:59+00:00,2026-04-08T02:14:59+00:00
241,138,base,0x1c9da294ec73489b883a3620501a5f12,non_custodial,False,2026-04-05T19:42:59+00:00,2026-04-05T19:42:59+00:00
242,139,base,0xf4c236589ac846c1affbfa350308cad3,non_custodial,True,2026-02-14T06:01:56+00:00,2026-02-14T06:01:56+00:00
243,139,polygon,0xd7f36805bd094de7a55557b2ad2f5e3a,non_custodial,False,2026-02-13T20:14:56+00:00,2026-02-13T20:14:56+00:00
244,139,ethereum,0xeddcc1fc65e54a438062bfa40e91a1e3,non_custodial,False,2026-02-12T09:55:56+00:00,2026-02-12T09:55:56+00:00
245,140,ethereum,0x3d129418b54c4955a721ff038538b7a0,non_custodial,True,2026-07-24T03:17:58+00:00,2026-07-24T03:17:58+00:00
246,140,base,0x248023aa99db422c807b62dc5d39f096,non_custodial,False,2026-07-22T00:01:58+00:00,2026-07-22T00:01:58+00:00
247,141,polygon,0xba49993b53e9429fb69f088310672f33,non_custodial,True,2026-04-09T07:10:46+00:00,2026-04-09T07:10:46+00:00
248,141,base,0xa9955601f40d48b494aa3897762d2931,non_custodial,False,2026-04-10T00:52:46+00:00,2026-04-10T00:52:46+00:00
249,142,ethereum,0xc58406b6188841dc887a3ce8bbc0ca0f,non_custodial,True,2026-07-03T01:27:19+00:00,2026-07-03T01:27:19+00:00
250,142,polygon,0xc9c657b1af75443d89cecbf3fe786d76,non_custodial,False,2026-07-01T19:59:19+00:00,2026-07-01T19:59:19+00:00
251,142,bsc,0x69b8f437330c40c78f7e0800a36eda87,non_custodial,False,2026-07-01T17:37:19+00:00,2026-07-01T17:37:19+00:00
252,143,ethereum,0x45331a2062604bc5846813eb37a5359b,non_custodial,True,2026-05-04T09:44:52+00:00,2026-05-04T09:44:52+00:00
253,144,ethereum,0x8ce392206e51413195620c80df766507,non_custodial,True,2026-06-17T20:59:43+00:00,2026-06-17T20:59:43+00:00
254,144,arbitrum,0xbad7bdec1ace4cc3a312d57a54a27459,non_custodial,False,2026-06-18T10:29:43+00:00,2026-06-18T10:29:43+00:00
255,144,bsc,0x520c14c98b004bbab933e41805449838,non_custodial,False,2026-06-16T01:09:43+00:00,2026-06-16T01:09:43+00:00
256,145,ethereum,0x18ba3acf44b3484bb7f932734c3b059a,non_custodial,True,2026-07-07T04:31:11+00:00,2026-07-07T04:31:11+00:00
257,146,arbitrum,0x551f4e264874482b9d35e42b5810c3ba,non_custodial,True,2026-04-20T13:56:44+00:00,2026-04-20T13:56:44+00:00
258,147,ethereum,0xc6db752a4952460590ae73200491d005,non_custodial,True,2026-04-17T21:14:01+00:00,2026-04-17T21:14:01+00:00
259,148,bsc,0x9b70568c2274441bb83c5b98d7fb20a9,non_custodial,True,2026-04-03T06:29:18+00:00,2026-04-03T06:29:18+00:00
260,149,base,0x0913986ab9d54f20873d55b314941935,non_custodial,True,2026-07-31T07:35:01+00:00,2026-07-31T07:35:01+00:00
261,149,arbitrum,0x5600386a94e74ebcaf13c737833e4b17,non_custodial,False,2026-07-30T00:56:01+00:00,2026-07-30T00:56:01+00:00
262,150,ethereum,0x364049be4f664758bcffc4338a0d3313,non_custodial,True,2026-04-02T09:46:47+00:00,2026-04-02T09:46:47+00:00
263,151,ethereum,0x61655a36c55646a6950a705662d522ac,non_custodial,True,2026-03-26T21:07:07+00:00,2026-03-26T21:07:07+00:00
264,151,bsc,0xbd81a08e7a374017bb86be063a6cf596,non_custodial,False,2026-03-25T04:19:07+00:00,2026-03-25T04:19:07+00:00
265,152,bsc,0x60512f2cdbff4c63b08375fd247e8ab0,non_custodial,True,2026-05-10T07:43:17+00:00,2026-05-10T07:43:17+00:00
266,153,arbitrum,0xf943384f490441308f42cd8291a51dd8,non_custodial,True,2026-01-26T21:12:30+00:00,2026-01-26T21:12:30+00:00
267,153,ethereum,0xd0a8f20714ee4fd596b93e7501431565,non_custodial,False,2026-01-26T02:31:30+00:00,2026-01-26T02:31:30+00:00
268,154,base,0x2c4b93a2fdd34cb5b9148c753f3d5614,non_custodial,True,2026-08-17T04:49:52+00:00,2026-08-17T04:49:52+00:00
269,155,base,0x84d30e8c8bf140d48ab4fa6b2840061d,non_custodial,True,2026-07-07T03:03:24+00:00,2026-07-07T03:03:24+00:00
270,156,arbitrum,0x4ab13b8fe11a41b2b613dbfe989989f5,non_custodial,True,2026-06-02T06:02:20+00:00,2026-06-02T06:02:20+00:00
271,157,ethereum,0x9a7b58e20da244459f200d88fab30a38,non_custodial,True,2026-08-23T14:02:17+00:00,2026-08-23T14:02:17+00:00
272,157,polygon,0x7f8dc7d0f06e4160851511fa267af8be,non_custodial,False,2026-08-23T20:03:17+00:00,2026-08-23T20:03:17+00:00
273,158,arbitrum,0x80652a960577418a8e7f50972052dd2a,non_custodial,True,2026-04-18T07:37:29+00:00,2026-04-18T07:37:29+00:00
274,159,base,0xefb6690c32434600b59d95abc4cfeafb,non_custodial,True,2026-06-02T20:57:42+00:00,2026-06-02T20:57:42+00:00
275,159,arbitrum,0xb642cdbbdc5d4ade8f24454255cd70a2,non_custodial,False,2026-06-01T04:26:42+00:00,2026-06-01T04:26:42+00:00
276,160,polygon,0xae161042ca464062b4eb0651b75a4a6d,non_custodial,True,2026-03-08T15:49:42+00:00,2026-03-08T15:49:42+00:00
277,161,arbitrum,0xa5c13fc61b4c4e8b8e2c4bd873400c21,non_custodial,True,2026-07-29T21:20:35+00:00,2026-07-29T21:20:35+00:00
278,162,bsc,0x7ac19382e2184491ac2ccba5c5c51a12,non_custodial,True,2026-08-08T16:12:52+00:00,2026-08-08T16:12:52+00:00
279,162,arbitrum,0xbf8e03bfa9624be599ddfe6881abe3df,non_custodial,False,2026-08-09T20:49:52+00:00,2026-08-09T20:49:52+00:00
280,163,ethereum,0x086aed62346e433186de5d1b74dff168,non_custodial,True,2026-02-23T13:51:39+00:00,2026-02-23T13:51:39+00:00
281,163,polygon,0x604c2335bd09492b9a24ffb3eb5c2685,non_custodial,False,2026-02-24T20:40:39+00:00,2026-02-24T20:40:39+00:00
282,164,bsc,0x00526621532c49e88862b1701eaa382b,non_custodial,True,2026-04-14T06:00:57+00:00,2026-04-14T06:00:57+00:00
283,165,ethereum,0xc420db8aad6d40f6872025c7fa52e567,non_custodial,True,2026-06-28T08:11:17+00:00,2026-06-28T08:11:17+00:00
284,166,arbitrum,0xe0bf325ec622463ea9b9476dd003b88f,non_custodial,True,2026-04-20T14:21:22+00:00,2026-04-20T14:21:22+00:00
285,166,polygon,0xcfe70bd3afd8453a86a91bb44a5ffa3a,non_custodial,False,2026-04-19T15:29:22+00:00,2026-04-19T15:29:22+00:00
286,167,arbitrum,0xeb33657d6bf7430081c2225a59194786,non_custodial,True,2026-07-03T05:40:38+00:00,2026-07-03T05:40:38+00:00
287,167,base,0xd506bfac8403482f83d67e648efba592,non_custodial,False,2026-07-02T19:09:38+00:00,2026-07-02T19:09:38+00:00
288,168,ethereum,0xc98dcd63bbbc4c86ba3f698d070afdb8,non_custodial,True,2026-01-21T18:10:22+00:00,2026-01-21T18:10:22+00:00
289,168,polygon,0x19d43db2c89e4a53ad7ea5db23cb5ac0,non_custodial,False,2026-01-23T01:45:22+00:00,2026-01-23T01:45:22+00:00
290,169,arbitrum,0x98da14f5f1d043589d09b38031e60814,non_custodial,True,2026-01-17T02:46:58+00:00,2026-01-17T02:46:58+00:00
291,169,base,0x182c11fdafad45cfa6661cb4b002954c,non_custodial,False,2026-01-18T00:21:58+00:00,2026-01-18T00:21:58+00:00
292,170,base,0x1692905da4eb4d32a2e1b28df3b1fe4d,non_custodial,True,2026-01-11T01:55:19+00:00,2026-01-11T01:55:19+00:00
293,170,bsc,0x7c422c51bce24f28ada698538823644b,non_custodial,False,2026-01-09T21:05:19+00:00,2026-01-09T21:05:19+00:00
294,171,arbitrum,0x9f6cf438b2a843d5996b3114c50b884e,non_custodial,True,2026-02-19T09:05:53+00:00,2026-02-19T09:05:53+00:00
295,171,bsc,0x7bc9e8212b1847ffb96552513c9756fc,non_custodial,False,2026-02-19T23:16:53+00:00,2026-02-19T23:16:53+00:00
296,172,arbitrum,0xb50751790c6c4f959d578ccd2eef5269,non_custodial,True,2026-08-10T10:03:38+00:00,2026-08-10T10:03:38+00:00
297,172,polygon,0x68f138046fa242b1aaee64aa2e3339f4,non_custodial,False,2026-08-09T17:29:38+00:00,2026-08-09T17:29:38+00:00
298,173,polygon,0x4dd608e0142146698441713d379a6cf3,non_custodial,True,2026-05-25T16:01:08+00:00,2026-05-25T16:01:08+00:00
299,174,arbitrum,0xc74521b3946b4282b0dfff0f0f4b9618,non_custodial,True,2026-02-17T02:01:25+00:00,2026-02-17T02:01:25+00:00
300,174,bsc,0x72eb9ceab3ae482ab801adafa9d4db6a,non_custodial,False,2026-02-15T02:07:25+00:00,2026-02-15T02:07:25+00:00
301,175,arbitrum,0x3c5a2c7ecb25474795558e4ce9337848,non_custodial,True,2026-08-15T21:35:57+00:00,2026-08-15T21:35:57+00:00
302,175,polygon,0x784384d8264e49f9b4b4da84430e0ee9,non_custodial,False,2026-08-15T14:42:57+00:00,2026-08-15T14:42:57+00:00
303,176,arbitrum,0xbae38598bc1a4298b0a604f5516b7ca3,non_custodial,True,2026-05-29T04:53:51+00:00,2026-05-29T04:53:51+00:00
304,176,polygon,0x33f08cdbee5d4b18a75f1a3f572a3c0d,non_custodial,False,2026-05-27T12:41:51+00:00,2026-05-27T12:41:51+00:00
305,177,bsc,0xd311723c4ece473f815f44e45284ebbe,non_custodial,True,2026-02-02T05:44:18+00:00,2026-02-02T05:44:18+00:00
306,178,polygon,0xd466255ebf6f4d29a12fa1aad4cdf6cf,non_custodial,True,2026-02-11T09:21:20+00:00,2026-02-11T09:21:20+00:00
307,178,bsc,0x34a24a097fd9406a9723635900300131,non_custodial,False,2026-02-11T05:34:20+00:00,2026-02-11T05:34:20+00:00
308,178,arbitrum,0x5f334c10afbb443d920f3c1b6e820844,non_custodial,False,2026-02-12T08:49:20+00:00,2026-02-12T08:49:20+00:00
309,179,polygon,0xed06b6fde96a4525bebdcebc14300113,non_custodial,True,2026-02-19T05:56:53+00:00,2026-02-19T05:56:53+00:00
310,179,arbitrum,0xb79fd6a7a9ed44cda4e608427a4fb332,non_custodial,False,2026-02-19T02:08:53+00:00,2026-02-19T02:08:53+00:00
311,179,bsc,0x055efc824980416a8b944b3987828cde,non_custodial,False,2026-02-17T15:50:53+00:00,2026-02-17T15:50:53+00:00
312,180,base,0xfa35a0d9d5e14ca285f2958345c56dcf,non_custodial,True,2026-07-28T00:48:44+00:00,2026-07-28T00:48:44+00:00
313,181,base,0xe787f9ebca084a2da0dd00feb11b5765,non_custodial,True,2026-01-27T22:23:24+00:00,2026-01-27T22:23:24+00:00
314,182,arbitrum,0x681ac3675fd5402e9e6ff7f054c65782,non_custodial,True,2026-01-07T02:32:35+00:00,2026-01-07T02:32:35+00:00
315,183,ethereum,0x4c1bae21b961487ea253db69f0398024,non_custodial,True,2026-06-20T16:34:51+00:00,2026-06-20T16:34:51+00:00
316,184,arbitrum,0x47be58b9034148d59e458fd1f666b5ba,non_custodial,True,2026-03-03T03:18:51+00:00,2026-03-03T03:18:51+00:00
317,184,bsc,0xe1d47e8beb134ecc9f6646574c5f9e76,non_custodial,False,2026-03-02T19:00:51+00:00,2026-03-02T19:00:51+00:00
318,185,arbitrum,0xdf52782f54fa446f979d08461fe7b98f,non_custodial,True,2026-04-16T07:26:01+00:00,2026-04-16T07:26:01+00:00
319,185,base,0x7a3d5cfbba3346d9a7393f7ea6394e97,non_custodial,False,2026-04-18T10:39:01+00:00,2026-04-18T10:39:01+00:00
320,186,base,0xa459761c45ac433081a660292e79145f,non_custodial,True,2026-07-02T19:39:15+00:00,2026-07-02T19:39:15+00:00
321,186,arbitrum,0x133f43da265f408a8c6572bed6803df9,non_custodial,False,2026-07-03T10:06:15+00:00,2026-07-03T10:06:15+00:00
322,187,arbitrum,0x561357b5881e4765899f52606e49fbae,non_custodial,True,2026-04-15T17:13:39+00:00,2026-04-15T17:13:39+00:00
323,187,ethereum,0x64317877129b47a89cfac480dae04318,non_custodial,False,2026-04-15T20:32:39+00:00,2026-04-15T20:32:39+00:00
324,187,bsc,0x96031822f49b493688f538e836293787,non_custodial,False,2026-04-16T15:30:39+00:00,2026-04-16T15:30:39+00:00
325,188,polygon,0xca1d9a3d75114fdaaf98cea082317e88,non_custodial,True,2026-04-20T06:29:58+00:00,2026-04-20T06:29:58+00:00
326,189,arbitrum,0x62b249ffaf8241d39f3c0da26962f753,non_custodial,True,2026-08-12T04:39:01+00:00,2026-08-12T04:39:01+00:00
327,190,arbitrum,0xcbc2ad36ed4f4ae5ab17a9229b538eec,non_custodial,True,2026-05-12T05:53:37+00:00,2026-05-12T05:53:37+00:00
328,191,base,0x3344c2693c99486e9a8398b78a4df0a3,non_custodial,True,2026-03-15T03:43:13+00:00,2026-03-15T03:43:13+00:00
329,191,bsc,0x056bf1954868448186199aec41bfccb5,non_custodial,False,2026-03-14T17:56:13+00:00,2026-03-14T17:56:13+00:00
330,192,arbitrum,0x97bc6c50ea254aad90516bcc5fc8b0f4,non_custodial,True,2026-04-14T04:20:08+00:00,2026-04-14T04:20:08+00:00
331,192,base,0xc8f81c77210043acb88b3a753466ccb4,non_custodial,False,2026-04-12T04:35:08+00:00,2026-04-12T04:35:08+00:00
332,193,ethereum,0x80a9feaa732548b2aa643fae45a607fa,non_custodial,True,2026-04-20T15:47:35+00:00,2026-04-20T15:47:35+00:00
333,193,polygon,0x44483744c23d47b7b152b3aed17189e3,non_custodial,False,2026-04-18T18:43:35+00:00,2026-04-18T18:43:35+00:00
334,194,ethereum,0xb531ccd49fe1495093908e38b9a503ad,non_custodial,True,2026-03-18T04:19:29+00:00,2026-03-18T04:19:29+00:00
335,194,bsc,0xa5e227d1fd324a5b9c1a9e32c584a315,non_custodial,False,2026-03-17T23:21:29+00:00,2026-03-17T23:21:29+00:00
336,195,base,0xac53f176c35842309af84d6412a7b6d8,non_custodial,True,2026-07-12T11:48:32+00:00,2026-07-12T11:48:32+00:00
337,196,polygon,0x4ab907f45ebf4b94be35708dcb7f36d1,non_custodial,True,2026-07-13T02:36:11+00:00,2026-07-13T02:36:11+00:00
338,196,arbitrum,0x2a6220189d2a49f2bd57769cd2e1888a,non_custodial,False,2026-07-13T04:33:11+00:00,2026-07-13T04:33:11+00:00
339,196,ethereum,0x411208be7c45489faa2deef7dfad34d6,non_custodial,False,2026-07-12T10:19:11+00:00,2026-07-12T10:19:11+00:00
340,197,ethereum,0x4f96abf09eb3422cafde3a86f9c5a3b4,non_custodial,True,2026-04-27T05:18:27+00:00,2026-04-27T05:18:27+00:00
341,197,base,0x4f60b6dbed0a4a978c3850838b6eaa4b,non_custodial,False,2026-04-25T21:23:27+00:00,2026-04-25T21:23:27+00:00
342,198,bsc,0x089885a51faf4f7580bf809493c3bb36,non_custodial,True,2026-05-02T20:29:49+00:00,2026-05-02T20:29:49+00:00
343,198,base,0x7209759336bc4deda692d66e5e739e1d,non_custodial,False,2026-04-30T21:51:49+00:00,2026-04-30T21:51:49+00:00
344,199,arbitrum,0x1fc3b5dfb9f14a86aec6117682982e22,non_custodial,True,2026-08-06T13:49:30+00:00,2026-08-06T13:49:30+00:00
345,200,bsc,0xfb12cd72229140419206aadb8e7525ef,non_custodial,True,2026-08-05T01:17:32+00:00,2026-08-05T01:17:32+00:00
346,201,arbitrum,0xd4fe3c56f2134d9da2cbb02c8c4f0080,non_custodial,True,2026-04-18T11:07:26+00:00,2026-04-18T11:07:26+00:00
347,202,ethereum,0x7fe36cf37a44442abb01cee83e2a485a,non_custodial,True,2026-02-17T23:31:39+00:00,2026-02-17T23:31:39+00:00
348,203,ethereum,0x93d55ba16dc24b35a7da42258a7578cf,non_custodial,True,2026-07-29T07:55:50+00:00,2026-07-29T07:55:50+00:00
349,204,bsc,0xa1667992b5d24db6bb4c9fecb7cda76b,non_custodial,True,2026-07-08T09:35:28+00:00,2026-07-08T09:35:28+00:00
350,204,polygon,0x92b35c30c3f649d686a56cb6664920b4,non_custodial,False,2026-07-08T14:56:28+00:00,2026-07-08T14:56:28+00:00
351,205,polygon,0xd31df17b90264457bcc3ab6432aaff6f,non_custodial,True,2026-07-24T20:52:12+00:00,2026-07-24T20:52:12+00:00
352,205,base,0x7e4767bfa4014d18b3372197d9cca54b,non_custodial,False,2026-07-26T08:26:12+00:00,2026-07-26T08:26:12+00:00
353,206,ethereum,0x8da0491390be446d879ca3dcaf9b6b52,non_custodial,True,2026-03-18T21:07:25+00:00,2026-03-18T21:07:25+00:00
354,207,polygon,0xc323222bf8fa4a3c9034dda70cbe4815,non_custodial,True,2026-03-13T21:33:59+00:00,2026-03-13T21:33:59+00:00
355,208,base,0xfa2d36f661a1418f898751629844daaf,non_custodial,True,2026-02-21T09:25:19+00:00,2026-02-21T09:25:19+00:00
356,209,arbitrum,0x871ff5d595e04097bc47a33e3359e03b,non_custodial,True,2026-08-04T21:13:45+00:00,2026-08-04T21:13:45+00:00
357,210,polygon,0xbb4ecf7651da4d64af74f68c2c3a4cfc,non_custodial,True,2026-07-11T02:53:15+00:00,2026-07-11T02:53:15+00:00
358,211,bsc,0xe0538ff661884c23ab52f87c6b3765a3,non_custodial,True,2026-04-23T03:55:04+00:00,2026-04-23T03:55:04+00:00
359,212,ethereum,0x9f2885646f7a44d48c7fff5ef414ef83,non_custodial,True,2026-05-14T08:35:34+00:00,2026-05-14T08:35:34+00:00
360,213,arbitrum,0x29906f993ab14813a319ebae3d593784,non_custodial,True,2026-07-07T21:51:31+00:00,2026-07-07T21:51:31+00:00
361,214,base,0x0aac84d1afa844fd95128935839257ec,non_custodial,True,2026-07-13T03:47:36+00:00,2026-07-13T03:47:36+00:00
362,214,bsc,0x7682b32419594ed48b89926cc5681a81,non_custodial,False,2026-07-13T09:09:36+00:00,2026-07-13T09:09:36+00:00
363,215,bsc,0xf4761bcb81ac4de0aff31618d3930486,non_custodial,True,2026-03-03T17:02:53+00:00,2026-03-03T17:02:53+00:00
364,215,base,0xa6b79fc555d64f2aa5a045fbb2338d1c,non_custodial,False,2026-03-02T13:37:53+00:00,2026-03-02T13:37:53+00:00
365,216,bsc,0x4c849e89a60e4540aaedc49e01957730,non_custodial,True,2026-02-05T15:30:36+00:00,2026-02-05T15:30:36+00:00
366,216,base,0x2e326c4eb05846de897dbb3a6344a676,non_custodial,False,2026-02-03T09:15:36+00:00,2026-02-03T09:15:36+00:00
367,216,arbitrum,0x1a6c821626e34d2e81ce89e89f8c6a92,non_custodial,False,2026-02-05T02:57:36+00:00,2026-02-05T02:57:36+00:00
368,217,bsc,0x828502194c0b481592e036dc3633c0d3,non_custodial,True,2026-06-14T12:01:22+00:00,2026-06-14T12:01:22+00:00
369,217,arbitrum,0xc686f4637c644fe8bf52d3f289db7340,non_custodial,False,2026-06-14T10:35:22+00:00,2026-06-14T10:35:22+00:00
370,218,arbitrum,0xb025c9a8592f48b99ab9683452d17d3b,non_custodial,True,2026-04-01T10:41:23+00:00,2026-04-01T10:41:23+00:00
371,219,arbitrum,0x3155a4d8311a42c49f81783383bb714d,non_custodial,True,2026-06-22T21:17:31+00:00,2026-06-22T21:17:31+00:00
372,220,ethereum,0x250eae265f464b17a93dcab51317385f,non_custodial,True,2026-04-30T20:27:00+00:00,2026-04-30T20:27:00+00:00
373,220,base,0x01edc0f91fef47259e82cb3b4829a7d3,non_custodial,False,2026-05-01T06:13:00+00:00,2026-05-01T06:13:00+00:00
374,221,polygon,0x4c4ab4a2d11742b5ba36526dc57ef162,non_custodial,True,2026-08-28T08:36:18+00:00,2026-08-28T08:36:18+00:00
375,221,bsc,0x730f876207454883bec4c298a21494d2,non_custodial,False,2026-08-28T13:47:18+00:00,2026-08-28T13:47:18+00:00
376,222,base,0xcaf6fa0971364279888a937ae5eed224,non_custodial,True,2026-04-14T10:15:50+00:00,2026-04-14T10:15:50+00:00
377,222,ethereum,0xe4b168be97934ceca838fe8a9823e421,non_custodial,False,2026-04-15T07:14:50+00:00,2026-04-15T07:14:50+00:00
378,223,polygon,0xa085e665fdb3410488e36d1dfc8cda4b,non_custodial,True,2026-03-12T00:18:34+00:00,2026-03-12T00:18:34+00:00
379,223,ethereum,0x98fc778b30e94887824fc5c2eb2a8244,non_custodial,False,2026-03-10T17:53:34+00:00,2026-03-10T17:53:34+00:00
380,224,arbitrum,0xf12eb10b313e46b4be2e3cb89a76958c,non_custodial,True,2026-01-02T14:54:22+00:00,2026-01-02T14:54:22+00:00
381,225,bsc,0xa793a17e562c4275a3e3be268b4306ce,non_custodial,True,2026-07-02T16:18:06+00:00,2026-07-02T16:18:06+00:00
382,225,polygon,0xb735e7866ca24d79baddfac642524dcd,non_custodial,False,2026-07-05T01:18:06+00:00,2026-07-05T01:18:06+00:00
383,226,polygon,0x05e42b2b23674143b9077e99df34b0b4,non_custodial,True,2026-04-24T20:54:55+00:00,2026-04-24T20:54:55+00:00
384,227,ethereum,0x4aa53c4780e04451b70dad926571e2e6,non_custodial,True,2026-01-29T20:05:36+00:00,2026-01-29T20:05:36+00:00
385,227,bsc,0x8ab53e21159e43c2954a436fc1bff4a3,non_custodial,False,2026-01-30T15:18:36+00:00,2026-01-30T15:18:36+00:00
386,228,base,0x4a82784ea51b455e8d30632b42d3a029,non_custodial,True,2026-03-21T06:15:31+00:00,2026-03-21T06:15:31+00:00
387,229,bsc,0x0b34a3c15090437282ea4177d5faba72,non_custodial,True,2026-03-29T15:28:33+00:00,2026-03-29T15:28:33+00:00
388,229,base,0xf41e497306fd42b8a4f557e2721d6d1a,non_custodial,False,2026-03-31T07:15:33+00:00,2026-03-31T07:15:33+00:00
389,230,base,0xa479df3a4b8a4b4f90cd16cfaa574d0a,non_custodial,True,2026-01-29T16:34:16+00:00,2026-01-29T16:34:16+00:00
390,230,polygon,0x2641883d61a24fd7b3162f4de2150141,non_custodial,False,2026-01-30T13:46:16+00:00,2026-01-30T13:46:16+00:00
391,231,base,0x2a6429665d6048e3b2603fa25efd11d7,non_custodial,True,2026-08-23T00:26:44+00:00,2026-08-23T00:26:44+00:00
392,231,polygon,0xe6383c01cd1a4da8aa5cbd30739fd713,non_custodial,False,2026-08-20T15:12:44+00:00,2026-08-20T15:12:44+00:00
393,232,bsc,0xb1ba8f81d60444b8bb7e04020abefac4,non_custodial,True,2026-02-18T15:08:36+00:00,2026-02-18T15:08:36+00:00
394,232,arbitrum,0x8743038d69a24ec2a44e9e52445ec6f2,non_custodial,False,2026-02-19T20:54:36+00:00,2026-02-19T20:54:36+00:00
395,233,bsc,0xb346af00fbd74647ae65546ecbd8524e,non_custodial,True,2026-06-07T03:37:04+00:00,2026-06-07T03:37:04+00:00
396,233,base,0x0fbe5383cce642eeb2b3414ded5f6d99,non_custodial,False,2026-06-08T03:37:04+00:00,2026-06-08T03:37:04+00:00
397,234,bsc,0x5b9b964e902643d982dd27cf76a6388e,non_custodial,True,2026-07-14T00:07:18+00:00,2026-07-14T00:07:18+00:00
398,235,polygon,0x7e03d76ac0934c928904ee77fe0af4c5,non_custodial,True,2026-01-18T20:04:45+00:00,2026-01-18T20:04:45+00:00
399,236,arbitrum,0x190013a0ad5c4e1eacd6ff7ca283fbfe,non_custodial,True,2026-08-23T21:19:08+00:00,2026-08-23T21:19:08+00:00
400,236,base,0x3c830bc8d85a4f37b8da034c7d2a513d,non_custodial,False,2026-08-23T23:43:08+00:00,2026-08-23T23:43:08+00:00
401,237,polygon,0xdcb7cc553d4045d89ea40656a94080c7,non_custodial,True,2026-04-02T11:47:48+00:00,2026-04-02T11:47:48+00:00
402,238,arbitrum,0x6decd4ec3df4462ead80926a180c2469,non_custodial,True,2026-04-15T16:21:29+00:00,2026-04-15T16:21:29+00:00
403,238,polygon,0x93eb71edc91b4031a89008bdcbd988e7,non_custodial,False,2026-04-16T04:44:29+00:00,2026-04-16T04:44:29+00:00
404,239,polygon,0xcac14644d502465aa7005911a7c2f5f9,non_custodial,True,2026-07-04T23:41:07+00:00,2026-07-04T23:41:07+00:00
405,239,ethereum,0xd7db734fbc62407898bf8c04983a06d9,non_custodial,False,2026-07-03T23:07:07+00:00,2026-07-03T23:07:07+00:00
406,240,arbitrum,0x0b4349196e5c4480a66c7cf80e729e76,non_custodial,True,2026-04-20T05:31:25+00:00,2026-04-20T05:31:25+00:00
407,241,polygon,0xddb83e56b3cd4d37a43c221cdb357b46,non_custodial,True,2026-07-12T21:18:59+00:00,2026-07-12T21:18:59+00:00
408,242,base,0xfbb61ab3836f4eb8910d8e91a65e4a28,non_custodial,True,2026-06-11T08:19:48+00:00,2026-06-11T08:19:48+00:00
409,242,bsc,0x894f9d4f4668448ca1b06a8a8a496f31,non_custodial,False,2026-06-10T12:59:48+00:00,2026-06-10T12:59:48+00:00
410,243,ethereum,0xac0d6d4edaa7456dbf548964559d3ad1,non_custodial,True,2026-03-07T01:43:46+00:00,2026-03-07T01:43:46+00:00
411,243,base,0x5971856214db42d7974a094b6af63cbd,non_custodial,False,2026-03-04T13:12:46+00:00,2026-03-04T13:12:46+00:00
412,243,polygon,0x9ed53526f0ef41a1ab46f05c92844bb1,non_custodial,False,2026-03-05T03:56:46+00:00,2026-03-05T03:56:46+00:00
413,244,bsc,0x2e7b7591cdae468e94349b997a8e2800,non_custodial,True,2026-04-25T10:38:04+00:00,2026-04-25T10:38:04+00:00
414,245,arbitrum,0x4e50de555fdf44eaab1eb5900397600e,non_custodial,True,2026-06-27T18:54:05+00:00,2026-06-27T18:54:05+00:00
415,246,bsc,0xa4be1dc3ea544735a5419255348252a9,non_custodial,True,2026-05-07T10:49:48+00:00,2026-05-07T10:49:48+00:00
416,246,polygon,0x5722f056758644228c133c366a987f02,non_custodial,False,2026-05-08T02:31:48+00:00,2026-05-08T02:31:48+00:00
417,247,ethereum,0xd63898ebba784020954f0fdf336d1591,non_custodial,True,2026-01-02T09:18:43+00:00,2026-01-02T09:18:43+00:00
418,247,polygon,0xd7933679e8cd4270a55b1db39e457661,non_custodial,False,2026-01-01T17:47:43+00:00,2026-01-01T17:47:43+00:00
419,248,arbitrum,0x6dae1e52ddb548509a93c99bf6ff52b4,non_custodial,True,2026-01-23T09:11:07+00:00,2026-01-23T09:11:07+00:00
420,248,polygon,0x66930cdb46464132b51683e6713cff56,non_custodial,False,2026-01-24T11:49:07+00:00,2026-01-24T11:49:07+00:00
421,249,ethereum,0x433ac91ff94f4b52a014b8890024b1b3,non_custodial,True,2026-09-01T00:30:05+00:00,2026-09-01T00:30:05+00:00
422,250,arbitrum,0x78fa09827bc84811bdb0df99e9d5290c,non_custodial,True,2026-01-21T11:41:23+00:00,2026-01-21T11:41:23+00:00
423,251,arbitrum,0x4c01e9416c91400ca2105fe3fbb8a928,non_custodial,True,2026-02-20T22:13:54+00:00,2026-02-20T22:13:54+00:00
424,251,ethereum,0x861156daefae44f682159d8b59c14325,non_custodial,False,2026-02-22T20:01:54+00:00,2026-02-22T20:01:54+00:00
425,252,ethereum,0xc5b06c5e22764ac597e414f86c2792d8,non_custodial,True,2026-02-17T21:48:23+00:00,2026-02-17T21:48:23+00:00
426,252,arbitrum,0x9aa4cc47ea23495d9f1259f80708dea6,non_custodial,False,2026-02-19T20:59:23+00:00,2026-02-19T20:59:23+00:00
427,253,ethereum,0x3b5d9ed9929e4b44bd9d46faa71faaba,non_custodial,True,2026-04-05T17:10:50+00:00,2026-04-05T17:10:50+00:00
428,253,base,0xeebc995120d2447690ab282fb1f51623,non_custodial,False,2026-04-06T00:35:50+00:00,2026-04-06T00:35:50+00:00
429,254,polygon,0x2c38ebb55ef64c56a2f1ed48d3f55c80,non_custodial,True,2026-01-08T11:42:18+00:00,2026-01-08T11:42:18+00:00
430,254,bsc,0xecb873240330423ea80f2f572775a7bd,non_custodial,False,2026-01-07T01:37:18+00:00,2026-01-07T01:37:18+00:00
431,255,ethereum,0xebd6135cccd04f37a84a9d2b071ecca1,non_custodial,True,2026-03-29T07:30:42+00:00,2026-03-29T07:30:42+00:00
432,256,base,0x1f1fd98e703b4037bb24f94d01401802,non_custodial,True,2026-03-02T17:30:53+00:00,2026-03-02T17:30:53+00:00
433,257,bsc,0xd8e1d935ac2740c3a9360f385d64625b,non_custodial,True,2026-07-19T23:13:51+00:00,2026-07-19T23:13:51+00:00
434,258,base,0xcd09c392127e4db6a1ce637872979dff,non_custodial,True,2026-07-04T15:03:26+00:00,2026-07-04T15:03:26+00:00
435,258,arbitrum,0xbd03b2f4573c4175b4090f00bef8c1ac,non_custodial,False,2026-07-03T21:14:26+00:00,2026-07-03T21:14:26+00:00
436,259,ethereum,0x14b0779fb22940e2b0f4f745bd4eef01,non_custodial,True,2026-02-28T04:08:39+00:00,2026-02-28T04:08:39+00:00
437,259,arbitrum,0xdc56ffeef3c14d68becdf5813f1c8afe,non_custodial,False,2026-02-28T14:46:39+00:00,2026-02-28T14:46:39+00:00
438,260,polygon,0xbfe10761791d485bba1119071bb852de,non_custodial,True,2026-07-18T04:13:54+00:00,2026-07-18T04:13:54+00:00
439,261,bsc,0x3a101ffb1a134bb9baae2407ec4fd7f0,non_custodial,True,2026-06-11T07:11:37+00:00,2026-06-11T07:11:37+00:00
440,261,polygon,0x0515fd19be4746ae9bd733eea6499d67,non_custodial,False,2026-06-12T20:43:37+00:00,2026-06-12T20:43:37+00:00
441,262,bsc,0x318efabfc6bb45bfbea0f04ca4b464ef,non_custodial,True,2026-01-04T05:23:35+00:00,2026-01-04T05:23:35+00:00
442,262,base,0x51531042e46b41d0bb6604eac7c9f9fd,non_custodial,False,2026-01-03T16:15:35+00:00,2026-01-03T16:15:35+00:00
443,262,polygon,0x96d6dbb3f3b34cf0b96a836abf7ee26f,non_custodial,False,2026-01-02T07:21:35+00:00,2026-01-02T07:21:35+00:00
444,263,bsc,0xa9e3e9cf692c495b91759d14a7447090,non_custodial,True,2026-08-19T03:20:21+00:00,2026-08-19T03:20:21+00:00
445,263,arbitrum,0x31724cc02db34b07a3d6fb0cb0719b11,non_custodial,False,2026-08-17T14:02:21+00:00,2026-08-17T14:02:21+00:00
446,264,bsc,0xa932c734ead14e4281f3b117bfc53ce0,non_custodial,True,2026-03-02T13:12:34+00:00,2026-03-02T13:12:34+00:00
447,265,ethereum,0x829debf826d74753972f7d2c596ab671,non_custodial,True,2026-05-17T02:05:17+00:00,2026-05-17T02:05:17+00:00
448,266,polygon,0xd363194542a541fd8e8eb8834e22c6a3,non_custodial,True,2026-05-28T05:52:09+00:00,2026-05-28T05:52:09+00:00
449,267,arbitrum,0xe568afa47b4e402b8405be255bf3546d,non_custodial,True,2026-04-05T19:42:44+00:00,2026-04-05T19:42:44+00:00
450,268,base,0x6c8c59b8c56344b892d2236720add379,non_custodial,True,2026-06-12T05:00:05+00:00,2026-06-12T05:00:05+00:00
451,268,bsc,0xddb4864809c946cbbdb398bbc0fe0ab0,non_custodial,False,2026-06-09T22:39:05+00:00,2026-06-09T22:39:05+00:00
452,269,polygon,0x3f8932bcb7bd4c0c9bfa3a91ccbba750,non_custodial,True,2026-05-29T06:45:54+00:00,2026-05-29T06:45:54+00:00
453,269,bsc,0x2c00feb7643a4d7f81112fe9a4e048f5,non_custodial,False,2026-05-29T09:34:54+00:00,2026-05-29T09:34:54+00:00
454,270,arbitrum,0x3ac92c46fbb04e2cb70e9feb2b2df6ee,non_custodial,True,2026-07-15T05:11:51+00:00,2026-07-15T05:11:51+00:00
455,270,polygon,0x87a47ff3708843a1b67a2814d13628a9,non_custodial,False,2026-07-14T17:30:51+00:00,2026-07-14T17:30:51+00:00
456,271,base,0xfa72cc30a85c46d6a1aa9de86d61cef7,non_custodial,True,2026-08-19T01:42:49+00:00,2026-08-19T01:42:49+00:00
457,272,polygon,0x8fae4cf678514b5e89b32cd1c5bfc300,non_custodial,True,2026-02-10T11:40:49+00:00,2026-02-10T11:40:49+00:00
458,272,ethereum,0xd1e28811aacd425bb1eb35d74ac22eae,non_custodial,False,2026-02-09T04:09:49+00:00,2026-02-09T04:09:49+00:00
459,273,bsc,0xef5d0af25dbc4798a86ab81fe6403993,non_custodial,True,2026-02-27T20:13:33+00:00,2026-02-27T20:13:33+00:00
460,274,arbitrum,0x4313306facdf483da08c4b7123f47eb5,non_custodial,True,2026-01-31T19:46:59+00:00,2026-01-31T19:46:59+00:00
461,274,ethereum,0x8476e5434fed41ed8640316614a12000,non_custodial,False,2026-02-01T13:09:59+00:00,2026-02-01T13:09:59+00:00
462,275,ethereum,0x7f0d9c754de04b7abd4558877941422f,non_custodial,True,2026-09-01T10:33:55+00:00,2026-09-01T10:33:55+00:00
463,276,ethereum,0xff82356ccea04db5916c5427e4b44938,non_custodial,True,2026-05-11T01:46:11+00:00,2026-05-11T01:46:11+00:00
464,277,ethereum,0xdc23bcab7d2545a39ae2bf562ed03750,non_custodial,True,2026-07-10T11:58:00+00:00,2026-07-10T11:58:00+00:00
465,277,polygon,0x6418cd815ceb475ea023ad6ff5addb69,non_custodial,False,2026-07-10T04:18:00+00:00,2026-07-10T04:18:00+00:00
466,278,ethereum,0xf88bb539ba2449d98b5202920c07ed1f,non_custodial,True,2026-01-27T15:15:39+00:00,2026-01-27T15:15:39+00:00
467,278,bsc,0x700a93d795614f2e92087536a87227c9,non_custodial,False,2026-01-28T12:05:39+00:00,2026-01-28T12:05:39+00:00
468,279,base,0x2535614dc1cf41d9ae4751d2f8186de8,non_custodial,True,2026-03-31T19:42:32+00:00,2026-03-31T19:42:32+00:00
469,280,bsc,0x0231b275e48a4ed9b80efd5421eef971,non_custodial,True,2026-02-09T18:06:43+00:00,2026-02-09T18:06:43+00:00
470,280,polygon,0xa732b45341c54ba8ba21612fb628651a,non_custodial,False,2026-02-10T13:28:43+00:00,2026-02-10T13:28:43+00:00
471,281,ethereum,0x999b086d11ab45109500f811dce76eda,non_custodial,True,2026-01-14T16:25:28+00:00,2026-01-14T16:25:28+00:00
472,281,polygon,0xd641ec9664bc4e1ead0b4f5f379f8491,non_custodial,False,2026-01-13T18:56:28+00:00,2026-01-13T18:56:28+00:00
473,282,base,0x81ae6bc2cd0d43138c677faeba6e650d,non_custodial,True,2026-04-25T07:06:09+00:00,2026-04-25T07:06:09+00:00
474,283,ethereum,0x69a11323159c44048137df420ca7b9c2,non_custodial,True,2026-03-01T08:32:31+00:00,2026-03-01T08:32:31+00:00
475,284,arbitrum,0xfbfa10a355da49eeb9abaa760267dc2e,non_custodial,True,2026-08-11T15:01:54+00:00,2026-08-11T15:01:54+00:00
476,284,polygon,0xb19e57015f254ed280905ea3280ecab0,non_custodial,False,2026-08-09T17:36:54+00:00,2026-08-09T17:36:54+00:00
477,284,ethereum,0xeb4b9312a38f4298be6b390e558f60ec,non_custodial,False,2026-08-10T21:01:54+00:00,2026-08-10T21:01:54+00:00
478,285,base,0x1ac9632f6a5f4f73a3a497aad793b5d1,non_custodial,True,2026-02-01T23:13:18+00:00,2026-02-01T23:13:18+00:00
479,285,ethereum,0xb566875c93924dd0a424dc294bcb9399,non_custodial,False,2026-02-03T13:30:18+00:00,2026-02-03T13:30:18+00:00
480,286,ethereum,0x05eb4303689e4c5a9dac27dcc92c44eb,non_custodial,True,2026-04-05T22:04:46+00:00,2026-04-05T22:04:46+00:00
481,286,base,0x0c40a00371424e978cb966ac28675b56,non_custodial,False,2026-04-04T18:57:46+00:00,2026-04-04T18:57:46+00:00
482,286,arbitrum,0xae7aca442e304256ba1255a925af32e3,non_custodial,False,2026-04-07T05:05:46+00:00,2026-04-07T05:05:46+00:00
483,287,bsc,0x06ae2c3a067e45bd95d90b8dade9c239,non_custodial,True,2026-04-01T08:58:11+00:00,2026-04-01T08:58:11+00:00
484,288,base,0xfcd8d1df7d164e209a2e8c4811baa0b9,non_custodial,True,2026-06-30T07:26:27+00:00,2026-06-30T07:26:27+00:00
485,288,arbitrum,0x9f8f8d253f474a09b56f0b0e46b66726,non_custodial,False,2026-06-29T21:23:27+00:00,2026-06-29T21:23:27+00:00
486,288,ethereum,0x520b30197c674001ad9309b479c03717,non_custodial,False,2026-06-30T20:19:27+00:00,2026-06-30T20:19:27+00:00
487,289,ethereum,0x99e11e3a39fe4e1dba27d1e3dc9deba8,non_custodial,True,2026-07-01T08:46:28+00:00,2026-07-01T08:46:28+00:00
488,289,polygon,0x4eca09d3bbb043d79a696cb7e03393f0,non_custodial,False,2026-07-03T13:00:28+00:00,2026-07-03T13:00:28+00:00
489,290,ethereum,0x8dfbae93859a459a98cc538c6e3ae8f3,non_custodial,True,2026-03-04T08:55:22+00:00,2026-03-04T08:55:22+00:00
490,291,ethereum,0xf7853a361a73458986f1bebb1bfe7dbe,non_custodial,True,2026-08-17T13:57:54+00:00,2026-08-17T13:57:54+00:00
491,291,arbitrum,0x28920cf46bf5463092a1c3f58ad5ec3a,non_custodial,False,2026-08-19T20:03:54+00:00,2026-08-19T20:03:54+00:00
492,292,polygon,0x746af53632c54b7189688c0749d0c08a,non_custodial,True,2026-04-09T23:46:03+00:00,2026-04-09T23:46:03+00:00
493,292,base,0x77ca20ee5aca43c4b139223a29e689f4,non_custodial,False,2026-04-08T14:52:03+00:00,2026-04-08T14:52:03+00:00
494,293,bsc,0x075f04693e4543bab7a8b8250ac48e12,non_custodial,True,2026-06-01T03:05:03+00:00,2026-06-01T03:05:03+00:00
495,293,polygon,0x379424ddb4604895a88975e4332fab08,non_custodial,False,2026-05-31T18:43:03+00:00,2026-05-31T18:43:03+00:00
496,294,arbitrum,0x9df9f44eeb1e4d4c8c13b8053694eee4,non_custodial,True,2026-05-31T21:55:22+00:00,2026-05-31T21:55:22+00:00
497,294,polygon,0x6c82ead815e24a2bacca1b0aa74c60ed,non_custodial,False,2026-05-30T05:14:22+00:00,2026-05-30T05:14:22+00:00
498,295,bsc,0x29fa298deb2342dbacc724cfd8f0cb14,non_custodial,True,2026-04-25T22:35:49+00:00,2026-04-25T22:35:49+00:00
499,295,base,0xd43073d1d6af4948b77099132bb7b937,non_custodial,False,2026-04-28T05:42:49+00:00,2026-04-28T05:42:49+00:00
500,296,ethereum,0xa85b8e9f91774335b5ba72a233295f3b,non_custodial,True,2026-04-18T22:08:33+00:00,2026-04-18T22:08:33+00:00
501,297,ethereum,0x05672c44e5c64691964868d3b950717c,non_custodial,True,2026-08-26T09:51:05+00:00,2026-08-26T09:51:05+00:00
502,298,ethereum,0x83ec67810cc1489ea4676cffe512d970,non_custodial,True,2026-08-26T21:37:21+00:00,2026-08-26T21:37:21+00:00
503,299,ethereum,0x6eec1c76e57a430fb5bf773a65a8a21e,non_custodial,True,2026-08-31T11:38:30+00:00,2026-08-31T11:38:30+00:00
504,299,bsc,0x152f7de726594fd3b530b3d286868959,non_custodial,False,2026-09-01T12:26:30+00:00,2026-09-01T12:26:30+00:00
505,300,arbitrum,0xec4a1e4bfda84e689ed4b3a83acf642f,non_custodial,True,2026-02-08T01:48:00+00:00,2026-02-08T01:48:00+00:00
506,301,polygon,0x829a7e88537148998b405644213f9677,non_custodial,True,2026-01-14T04:57:47+00:00,2026-01-14T04:57:47+00:00
507,301,ethereum,0xbc4882be012d4f9d8ce5e32c040ac6c8,non_custodial,False,2026-01-15T06:34:47+00:00,2026-01-15T06:34:47+00:00
508,302,base,0x9ae9222a322a4477a1b044d6b5f53774,non_custodial,True,2026-02-07T02:57:14+00:00,2026-02-07T02:57:14+00:00
509,302,arbitrum,0x21936a594f094a56a6dea000132cfd0d,non_custodial,False,2026-02-07T14:41:14+00:00,2026-02-07T14:41:14+00:00
510,303,ethereum,0x3cef9000a0d94abaa309279d0004e67c,non_custodial,True,2026-03-12T10:55:02+00:00,2026-03-12T10:55:02+00:00
511,303,bsc,0x0e64f44eae45470da099f924d9c10b7d,non_custodial,False,2026-03-10T15:18:02+00:00,2026-03-10T15:18:02+00:00
512,304,base,0xe58bbbe4369741b4bbf9548fe3ba1204,non_custodial,True,2026-05-25T13:25:21+00:00,2026-05-25T13:25:21+00:00
513,304,ethereum,0xf8a280fb37024c129ab183f36160bc00,non_custodial,False,2026-05-23T19:52:21+00:00,2026-05-23T19:52:21+00:00
514,305,polygon,0x39140cd0d490433fb9a6aee47ba43d8b,non_custodial,True,2026-03-07T18:11:54+00:00,2026-03-07T18:11:54+00:00
515,305,arbitrum,0xec515044e5e44188ba21b71b7b409cfb,non_custodial,False,2026-03-07T17:04:54+00:00,2026-03-07T17:04:54+00:00
516,306,arbitrum,0x28311bfe6f81494ca6a55ad12971a8af,non_custodial,True,2026-05-13T20:56:17+00:00,2026-05-13T20:56:17+00:00
517,306,polygon,0x787ea1a463a64852b11ceafa414c3963,non_custodial,False,2026-05-12T23:14:17+00:00,2026-05-12T23:14:17+00:00
518,307,base,0x3ca45e81e83c4a10b0801d4280d523d0,non_custodial,True,2026-02-25T13:10:01+00:00,2026-02-25T13:10:01+00:00
519,307,ethereum,0x7d4e87c5419f4f9083d599c20b97da2d,non_custodial,False,2026-02-25T06:22:01+00:00,2026-02-25T06:22:01+00:00
520,308,bsc,0x7ce3b591ef864b089ab2a6e9eda54b8f,non_custodial,True,2026-08-07T23:53:48+00:00,2026-08-07T23:53:48+00:00
521,309,base,0x1a6fdf78c7f148328f6db72542640fb5,non_custodial,True,2026-01-08T10:38:52+00:00,2026-01-08T10:38:52+00:00
522,310,bsc,0xf25c8b0c39f747dc99a75453902ce55f,non_custodial,True,2026-06-28T08:59:46+00:00,2026-06-28T08:59:46+00:00
523,310,arbitrum,0xe3a9382c4cf34278928542b60f239055,non_custodial,False,2026-06-29T06:09:46+00:00,2026-06-29T06:09:46+00:00
524,311,bsc,0xc97205a12ea6462589461074537b1781,non_custodial,True,2026-08-16T05:59:41+00:00,2026-08-16T05:59:41+00:00
525,311,polygon,0x1cb9b1f4538f43b3a5eae12d7d8c4b1c,non_custodial,False,2026-08-17T05:50:41+00:00,2026-08-17T05:50:41+00:00
526,312,polygon,0x5ec1e292832847e5ba0503e532537486,non_custodial,True,2026-02-12T14:18:31+00:00,2026-02-12T14:18:31+00:00
527,312,bsc,0x78137d50b365456b90b50053c6a5a82d,non_custodial,False,2026-02-13T11:44:31+00:00,2026-02-13T11:44:31+00:00
528,313,ethereum,0x73316e7a6f9f4ff2aca798c53c59acce,non_custodial,True,2026-08-31T02:06:43+00:00,2026-08-31T02:06:43+00:00
529,313,polygon,0x6776b1c6a1f2495bab4c6ba61f12fe66,non_custodial,False,2026-08-30T14:19:43+00:00,2026-08-30T14:19:43+00:00
530,314,ethereum,0xd053d033fc7142c0ae7826eb3a92523c,non_custodial,True,2026-03-30T06:29:30+00:00,2026-03-30T06:29:30+00:00
531,315,base,0xbb72187b6acd4de38c16004dad615eaa,non_custodial,True,2026-04-28T21:31:59+00:00,2026-04-28T21:31:59+00:00
532,315,bsc,0xfb19952b6f83476dacdd146fa48f5cb1,non_custodial,False,2026-04-30T23:41:59+00:00,2026-04-30T23:41:59+00:00
533,316,ethereum,0x9d2211941b364e5eb2d5cd967fddbe3e,non_custodial,True,2026-01-19T09:44:46+00:00,2026-01-19T09:44:46+00:00
534,317,bsc,0x0c8f74396bbc4292b37e65696b3c5429,non_custodial,True,2026-02-16T05:22:16+00:00,2026-02-16T05:22:16+00:00
535,317,base,0x033aa5f2207a4f67af98072f51f08e20,non_custodial,False,2026-02-17T09:00:16+00:00,2026-02-17T09:00:16+00:00
536,318,polygon,0x6b896f48f10240c0a17cec5e8318d748,non_custodial,True,2026-02-24T03:48:50+00:00,2026-02-24T03:48:50+00:00
537,318,ethereum,0xafcc178c7f0a49b2a70d0ea0f25807e4,non_custodial,False,2026-02-23T02:42:50+00:00,2026-02-23T02:42:50+00:00
538,319,arbitrum,0xfc53499073a84d2181b8f8377ca8564d,non_custodial,True,2026-07-30T07:30:32+00:00,2026-07-30T07:30:32+00:00
539,319,bsc,0xd4cbf46553df4c639a8077f8e0bde60b,non_custodial,False,2026-07-31T16:13:32+00:00,2026-07-31T16:13:32+00:00
540,320,ethereum,0xfe9e74161ac945309ee32c54e05fee08,non_custodial,True,2026-06-13T17:56:14+00:00,2026-06-13T17:56:14+00:00
541,320,base,0x330ff6df74b64170a4f46c39b13dfbaa,non_custodial,False,2026-06-11T09:54:14+00:00,2026-06-11T09:54:14+00:00
542,321,arbitrum,0xc7be6bf698104969a50e2e9e9f254d8e,non_custodial,True,2026-06-08T15:55:56+00:00,2026-06-08T15:55:56+00:00
543,321,base,0xbf979d649ff2437b812bff661d67ba0c,non_custodial,False,2026-06-10T16:09:56+00:00,2026-06-10T16:09:56+00:00
544,322,arbitrum,0x8e1866018f28447491f991285173f921,non_custodial,True,2026-03-28T09:25:00+00:00,2026-03-28T09:25:00+00:00
545,322,bsc,0x784201d8a8b749c2bafca728fe6e531d,non_custodial,False,2026-03-27T14:24:00+00:00,2026-03-27T14:24:00+00:00
546,323,arbitrum,0x8c96c8b07d80413699c747c775a9d8ed,non_custodial,True,2026-05-22T01:11:44+00:00,2026-05-22T01:11:44+00:00
547,323,bsc,0x3fd75d3a7dbc409abe6a85e43c32c9a4,non_custodial,False,2026-05-23T06:01:44+00:00,2026-05-23T06:01:44+00:00
548,324,polygon,0xbb59ed030ef04326b01bf94d9c5ba13f,non_custodial,True,2026-08-03T06:53:22+00:00,2026-08-03T06:53:22+00:00
549,325,ethereum,0x5381f9f8c52e45b484a88c3959577c2c,non_custodial,True,2026-04-18T15:22:05+00:00,2026-04-18T15:22:05+00:00
550,326,polygon,0x670463d2a51242c99a4f5344c3e50dd0,non_custodial,True,2026-02-06T09:11:29+00:00,2026-02-06T09:11:29+00:00
551,326,arbitrum,0xcbc4ec74581a4c5eab7f3c09abe37ffa,non_custodial,False,2026-02-07T23:41:29+00:00,2026-02-07T23:41:29+00:00
552,327,base,0x83fbf98d0c5646b7b86e1bfbf82f10e9,non_custodial,True,2026-01-09T09:42:57+00:00,2026-01-09T09:42:57+00:00
553,327,bsc,0x626fe086738749e5b8b0335df5bc1ff3,non_custodial,False,2026-01-11T11:16:57+00:00,2026-01-11T11:16:57+00:00
554,328,polygon,0x8f1f32a37c454ab7a4118b54458661fc,non_custodial,True,2026-02-21T15:51:44+00:00,2026-02-21T15:51:44+00:00
555,328,arbitrum,0xb91dccc47682479aa2ab99b698e3df7e,non_custodial,False,2026-02-20T20:39:44+00:00,2026-02-20T20:39:44+00:00
556,328,base,0xde9c63bdaabb4720adc31a52b28b239d,non_custodial,False,2026-02-21T18:16:44+00:00,2026-02-21T18:16:44+00:00
557,329,ethereum,0x8bdd80b91d5346d4875075cb3778f998,non_custodial,True,2026-08-06T01:07:27+00:00,2026-08-06T01:07:27+00:00
558,330,base,0xcdbaabbf197f4bfe93770e3adc14e70f,non_custodial,True,2026-04-01T15:42:18+00:00,2026-04-01T15:42:18+00:00
559,330,bsc,0x20d9268c87c145dd9037d0a48580b093,non_custodial,False,2026-04-03T02:03:18+00:00,2026-04-03T02:03:18+00:00
560,331,base,0xe7535c1a8d8342dc99aa4b328b62d2f6,non_custodial,True,2026-01-03T00:12:45+00:00,2026-01-03T00:12:45+00:00
561,331,polygon,0xcd017a7d14d74752948526c8d6f02715,non_custodial,False,2026-01-02T16:05:45+00:00,2026-01-02T16:05:45+00:00
562,331,arbitrum,0x259e77c7215c4c318ac3bff433eca37e,non_custodial,False,2026-01-03T12:15:45+00:00,2026-01-03T12:15:45+00:00
563,331,ethereum,0xe51d4c1ccbab44e89617c7b3c02dd390,non_custodial,False,2026-01-03T11:20:45+00:00,2026-01-03T11:20:45+00:00
564,332,polygon,0xcbe3e2dc655c42ddb3c0b7855e76df39,non_custodial,True,2026-07-31T01:07:22+00:00,2026-07-31T01:07:22+00:00
565,332,ethereum,0x7d6b6f7c0508481793f9446c400b184c,non_custodial,False,2026-08-01T00:11:22+00:00,2026-08-01T00:11:22+00:00
566,333,bsc,0x9d8acdc2741d445b9038cf22e517f2dd,non_custodial,True,2026-01-12T00:19:18+00:00,2026-01-12T00:19:18+00:00
567,334,bsc,0x52381fdfe51c4bae8ff9ca4fb3307d49,non_custodial,True,2026-04-05T10:39:59+00:00,2026-04-05T10:39:59+00:00
568,334,polygon,0xd9eb8ff0b34141a7819d561e0a1d2931,non_custodial,False,2026-04-03T13:31:59+00:00,2026-04-03T13:31:59+00:00
569,334,arbitrum,0x185834426b654e01a69480ce9b9d8d2b,non_custodial,False,2026-04-05T09:40:59+00:00,2026-04-05T09:40:59+00:00
570,335,base,0x4accb83f85ee439f8bc9ee588d3dea7a,non_custodial,True,2026-03-12T11:17:32+00:00,2026-03-12T11:17:32+00:00
571,335,bsc,0x4730191e018a426fb8209f7d407e4879,non_custodial,False,2026-03-11T10:16:32+00:00,2026-03-11T10:16:32+00:00
572,336,bsc,0x6bb9cc142be744fcbf1a26d335477f49,non_custodial,True,2026-06-16T06:35:12+00:00,2026-06-16T06:35:12+00:00
573,337,base,0x8f915ed89c5a4aeeb7a65a070a775b52,non_custodial,True,2026-07-05T01:39:02+00:00,2026-07-05T01:39:02+00:00
574,337,bsc,0x8d8085f5801d4980a7c78ca9187984df,non_custodial,False,2026-07-07T22:48:02+00:00,2026-07-07T22:48:02+00:00
575,338,arbitrum,0xdd74500793af4963a9f70cdc152624c2,non_custodial,True,2026-08-21T10:39:06+00:00,2026-08-21T10:39:06+00:00
576,338,ethereum,0x3c95418fb9374a29ba3ddec9a86b47cb,non_custodial,False,2026-08-20T16:52:06+00:00,2026-08-20T16:52:06+00:00
577,339,bsc,0xe407a8cf9cb6478cb38713545272b4d5,non_custodial,True,2026-03-28T09:06:36+00:00,2026-03-28T09:06:36+00:00
578,339,polygon,0xad257a15ade94d549600498a0e6fd562,non_custodial,False,2026-03-28T03:58:36+00:00,2026-03-28T03:58:36+00:00
579,340,bsc,0x3f48aa7eab83417f999a92c1fca95fcf,non_custodial,True,2026-04-28T22:43:54+00:00,2026-04-28T22:43:54+00:00
580,341,polygon,0xc94eeb0a1621402fb0ed40d5cad68712,non_custodial,True,2026-01-26T17:56:01+00:00,2026-01-26T17:56:01+00:00
581,341,ethereum,0x052f0db7a3954e2cbc1b554436af2e89,non_custodial,False,2026-01-26T20:56:01+00:00,2026-01-26T20:56:01+00:00
582,342,base,0xd8bbe99850e4401da297245d9fe7a34d,non_custodial,True,2026-02-12T12:03:37+00:00,2026-02-12T12:03:37+00:00
583,343,bsc,0xf9513c8449554555b59cbd8d7a3fc637,non_custodial,True,2026-02-01T00:36:59+00:00,2026-02-01T00:36:59+00:00
584,344,arbitrum,0xbbea763acc574b27ad4243f784f612ea,non_custodial,True,2026-02-28T14:21:17+00:00,2026-02-28T14:21:17+00:00
585,344,polygon,0x28a04643d2734f418cb41ecdb1f68fef,non_custodial,False,2026-03-01T15:17:17+00:00,2026-03-01T15:17:17+00:00
586,345,bsc,0xab58901b152644e985779244d674b35a,non_custodial,True,2026-09-02T04:56:38+00:00,2026-09-02T04:56:38+00:00
587,345,arbitrum,0x04023c8e250c4bda92d73d6b3a3c27f6,non_custodial,False,2026-09-02T03:15:38+00:00,2026-09-02T03:15:38+00:00
588,346,bsc,0x8359da7ae3cb459fa498ddb5c754ccf6,non_custodial,True,2026-05-28T22:31:10+00:00,2026-05-28T22:31:10+00:00
589,346,base,0x976097e78f084a83862036411dc11c83,non_custodial,False,2026-05-31T03:44:10+00:00,2026-05-31T03:44:10+00:00
590,346,polygon,0x2838035d4b204affa875b133e674818d,non_custodial,False,2026-05-29T02:42:10+00:00,2026-05-29T02:42:10+00:00
591,347,base,0xba367673319447a6bddb65ba7532607d,non_custodial,True,2026-06-26T19:08:03+00:00,2026-06-26T19:08:03+00:00
592,347,bsc,0x15917ef8ce804ff6902908b5dc2e631e,non_custodial,False,2026-06-29T00:40:03+00:00,2026-06-29T00:40:03+00:00
593,348,bsc,0x7f2486787f8c4341a7b9b07f8ff661e8,non_custodial,True,2026-02-08T23:01:36+00:00,2026-02-08T23:01:36+00:00
594,348,polygon,0xa7c89bbdcfee423dba5e251ed3ff0fe5,non_custodial,False,2026-02-09T20:53:36+00:00,2026-02-09T20:53:36+00:00
595,349,ethereum,0x80b7019644744dfcb1493809d5d9739a,non_custodial,True,2026-03-27T09:59:36+00:00,2026-03-27T09:59:36+00:00
596,350,arbitrum,0x18dcfcfead95411781693e2274db84c5,non_custodial,True,2026-06-12T05:13:19+00:00,2026-06-12T05:13:19+00:00
597,350,ethereum,0x3f03c69522ff408bad36d44cba887813,non_custodial,False,2026-06-11T21:38:19+00:00,2026-06-11T21:38:19+00:00
598,351,polygon,0xac3e1488a7fc499fbf119b79e20c5c82,non_custodial,True,2026-06-11T13:28:16+00:00,2026-06-11T13:28:16+00:00
599,351,ethereum,0x23f04e552a894d36a2748b561a3d0a06,non_custodial,False,2026-06-11T19:52:16+00:00,2026-06-11T19:52:16+00:00
600,352,arbitrum,0xba5bc258b5364ea1a59c64cb527249b4,non_custodial,True,2026-05-04T18:12:50+00:00,2026-05-04T18:12:50+00:00
601,352,base,0x0a01cdbe41dd4fca9dc304d0e7954e61,non_custodial,False,2026-05-03T07:37:50+00:00,2026-05-03T07:37:50+00:00
602,353,arbitrum,0x390d3e7e510748d58cef42f02fc8ac67,non_custodial,True,2026-07-06T07:43:49+00:00,2026-07-06T07:43:49+00:00
603,353,polygon,0xbb8551ad687f44be85bf9ae2a68b2b92,non_custodial,False,2026-07-04T18:19:49+00:00,2026-07-04T18:19:49+00:00
604,354,arbitrum,0x7864cf11330946cbab64ec9da873e06e,non_custodial,True,2026-02-07T11:45:03+00:00,2026-02-07T11:45:03+00:00
605,355,ethereum,0x2211e3de69fb423d978480a851d1b6ea,non_custodial,True,2026-02-20T15:29:50+00:00,2026-02-20T15:29:50+00:00
606,355,polygon,0x930f93a51245487ab25f25444df01b77,non_custodial,False,2026-02-22T08:15:50+00:00,2026-02-22T08:15:50+00:00
607,356,polygon,0x9adde59affd940988d5c6c4c57c848e1,non_custodial,True,2026-08-07T12:28:53+00:00,2026-08-07T12:28:53+00:00
608,356,ethereum,0xada3095665c94fa9b9ccd9ba0766dc51,non_custodial,False,2026-08-09T01:01:53+00:00,2026-08-09T01:01:53+00:00
609,357,ethereum,0xe03fa0df9f914b3ea8c4bb1e08cf7808,non_custodial,True,2026-06-11T11:08:50+00:00,2026-06-11T11:08:50+00:00
610,357,base,0x5f136fbed6ba4605a89b12bf8d5e5e77,non_custodial,False,2026-06-12T06:54:50+00:00,2026-06-12T06:54:50+00:00
611,358,ethereum,0x5ec964feb6524aa9ba490982e7f3496f,non_custodial,True,2026-01-21T22:01:43+00:00,2026-01-21T22:01:43+00:00
612,358,arbitrum,0xf54fef3117d14200a52d0c446671ed6c,non_custodial,False,2026-01-23T10:46:43+00:00,2026-01-23T10:46:43+00:00
613,359,bsc,0x78640d5f7bf742f897908038ea966cfa,non_custodial,True,2026-05-19T21:26:48+00:00,2026-05-19T21:26:48+00:00
614,359,base,0x2432c7f8a062474b89664b2599880a81,non_custodial,False,2026-05-19T01:47:48+00:00,2026-05-19T01:47:48+00:00
615,360,polygon,0x73aedfae98434f089d476a74dc6d4d57,non_custodial,True,2026-03-25T23:17:09+00:00,2026-03-25T23:17:09+00:00
616,360,base,0x7dd16883498f4577978ec0d3fed9cefc,non_custodial,False,2026-03-25T03:57:09+00:00,2026-03-25T03:57:09+00:00
617,361,arbitrum,0x7ea1af4811e94c5bbc0745e2899173a2,non_custodial,True,2026-03-29T09:32:49+00:00,2026-03-29T09:32:49+00:00
618,361,bsc,0x074ccb9b8044446fad317327e63ecfdb,non_custodial,False,2026-03-31T03:21:49+00:00,2026-03-31T03:21:49+00:00
619,362,ethereum,0x685ba97bb7dd4a25b4e67870ec4b248c,non_custodial,True,2026-05-24T05:52:02+00:00,2026-05-24T05:52:02+00:00
620,362,arbitrum,0xff36105a355649e2b849190ae5758f14,non_custodial,False,2026-05-25T10:07:02+00:00,2026-05-25T10:07:02+00:00
621,363,arbitrum,0x0fc090943afe4402af42f5c83a90e9cc,non_custodial,True,2026-03-30T09:11:19+00:00,2026-03-30T09:11:19+00:00
622,363,bsc,0x12cd3e301c254cf29aa9c2a3524eadd6,non_custodial,False,2026-03-29T23:27:19+00:00,2026-03-29T23:27:19+00:00
623,364,bsc,0xe0b78f6522454a88bbf4dbad0abcce8d,non_custodial,True,2026-08-28T06:14:02+00:00,2026-08-28T06:14:02+00:00
624,365,arbitrum,0x33337d5969d5445f8f964db6858b751e,non_custodial,True,2026-04-15T12:33:36+00:00,2026-04-15T12:33:36+00:00
625,366,polygon,0xdebfa05d2ffa4f6791c598f25acfc2ba,non_custodial,True,2026-05-03T06:12:45+00:00,2026-05-03T06:12:45+00:00
626,367,polygon,0x31314ae7b0d949ac89b6493f54c5dc96,non_custodial,True,2026-03-12T23:15:20+00:00,2026-03-12T23:15:20+00:00
627,368,base,0x37c8817761de416c86014464b35e4830,non_custodial,True,2026-01-29T01:48:59+00:00,2026-01-29T01:48:59+00:00
628,368,arbitrum,0x8ae2d1a0133c43c09daa8be817aa1727,non_custodial,False,2026-01-30T03:13:59+00:00,2026-01-30T03:13:59+00:00
629,369,arbitrum,0x2ddfb8f3674b48b2809d24bc684576a6,non_custodial,True,2026-02-07T03:10:36+00:00,2026-02-07T03:10:36+00:00
630,369,ethereum,0xba450dd9cfff45efbbcd5de764349519,non_custodial,False,2026-02-08T03:16:36+00:00,2026-02-08T03:16:36+00:00
631,370,arbitrum,0xfc5f25d497cd42908a532cd1d90895c2,non_custodial,True,2026-06-14T13:04:20+00:00,2026-06-14T13:04:20+00:00
632,371,ethereum,0x8e894181f1704b77814624a3006724e6,non_custodial,True,2026-05-25T06:20:41+00:00,2026-05-25T06:20:41+00:00
633,371,bsc,0xe31609d7b81e462ebbb50af3751fbfc0,non_custodial,False,2026-05-25T04:50:41+00:00,2026-05-25T04:50:41+00:00
634,372,polygon,0x9d565f5459fe42e88a3fa1f11fd20102,non_custodial,True,2026-08-10T17:24:19+00:00,2026-08-10T17:24:19+00:00
635,372,arbitrum,0xcc74f9fe21bf4f719d3c1e2e597345bd,non_custodial,False,2026-08-09T18:40:19+00:00,2026-08-09T18:40:19+00:00
636,373,arbitrum,0xb373826c765f4906896cfad19590fcc7,non_custodial,True,2026-03-03T18:16:35+00:00,2026-03-03T18:16:35+00:00
637,373,base,0xaece17fbe26f4568a1d84fdece70bcda,non_custodial,False,2026-03-05T03:07:35+00:00,2026-03-05T03:07:35+00:00
638,374,polygon,0xc1ece9bf787346b1853f8fd717d2f761,non_custodial,True,2026-02-02T03:09:41+00:00,2026-02-02T03:09:41+00:00
639,375,ethereum,0xadbadb878b8a4f398163fa5ecb9b06e3,non_custodial,True,2026-07-11T11:14:42+00:00,2026-07-11T11:14:42+00:00
640,376,base,0x87f96d080918438ab0e5c117aa8c50fd,non_custodial,True,2026-04-17T18:30:58+00:00,2026-04-17T18:30:58+00:00
641,376,bsc,0xaf46f521a2684b5881d85f71fe8d492a,non_custodial,False,2026-04-19T15:23:58+00:00,2026-04-19T15:23:58+00:00
642,377,bsc,0x542701f69a3d4e0da7a1d7d563741965,non_custodial,True,2026-05-15T07:03:39+00:00,2026-05-15T07:03:39+00:00
643,377,base,0x5636214af3e7425994318dd31acd957c,non_custodial,False,2026-05-17T11:02:39+00:00,2026-05-17T11:02:39+00:00
644,377,ethereum,0xa610a022c2be435eb8e10d8ae8148982,non_custodial,False,2026-05-15T11:55:39+00:00,2026-05-15T11:55:39+00:00
645,378,arbitrum,0x43f37e283b9040d59dc402107ed8962a,non_custodial,True,2026-08-20T04:35:42+00:00,2026-08-20T04:35:42+00:00
646,378,bsc,0x56581d94f42c4f16a796c91792de564d,non_custodial,False,2026-08-20T19:36:42+00:00,2026-08-20T19:36:42+00:00
647,378,polygon,0x18f1f1a30fe547c7bc1cc342a4bbf3bc,non_custodial,False,2026-08-21T04:03:42+00:00,2026-08-21T04:03:42+00:00
648,379,ethereum,0x1789b1d9c77945ebb6003224238c9709,non_custodial,True,2026-01-20T21:34:13+00:00,2026-01-20T21:34:13+00:00
649,379,base,0x18c10bd1e54642dea0bb53ce79b79edf,non_custodial,False,2026-01-20T11:50:13+00:00,2026-01-20T11:50:13+00:00
650,379,bsc,0xe575ee7cf756444482c8c10512bc001f,non_custodial,False,2026-01-20T05:01:13+00:00,2026-01-20T05:01:13+00:00
651,380,base,0x681edaad90054aa29df0d368c09cee67,non_custodial,True,2026-01-24T21:09:17+00:00,2026-01-24T21:09:17+00:00
652,381,base,0xfa602a2e01344136aacbf0f8cdf25908,non_custodial,True,2026-03-24T16:11:36+00:00,2026-03-24T16:11:36+00:00
653,381,arbitrum,0xdc0f9449c4d5484bb2553cc0863b53f1,non_custodial,False,2026-03-26T09:25:36+00:00,2026-03-26T09:25:36+00:00
654,382,bsc,0x0e2cdaf0e19345c69f5db657e63aa0c8,non_custodial,True,2026-05-08T23:59:19+00:00,2026-05-08T23:59:19+00:00
655,382,base,0xe235e8fc959d4e648a2025a51f959320,non_custodial,False,2026-05-09T00:44:19+00:00,2026-05-09T00:44:19+00:00
656,383,polygon,0xcbd092ec4d854b488e14f599f91d1663,non_custodial,True,2026-06-19T04:55:44+00:00,2026-06-19T04:55:44+00:00
657,384,arbitrum,0x86d4930923754109b1e3ce38136edf45,non_custodial,True,2026-07-28T08:04:38+00:00,2026-07-28T08:04:38+00:00
658,385,base,0x231af1d8272843649b4984fbce4d653a,non_custodial,True,2026-05-21T05:39:38+00:00,2026-05-21T05:39:38+00:00
659,386,ethereum,0x0ab87530bf6e466fbbe76a8747c4266d,non_custodial,True,2026-06-20T23:27:40+00:00,2026-06-20T23:27:40+00:00
660,386,bsc,0xb5cf0992b41847108e70ea86401b9e93,non_custodial,False,2026-06-21T16:52:40+00:00,2026-06-21T16:52:40+00:00
661,387,arbitrum,0xd50a0e59c15e4747825065b82210a307,non_custodial,True,2026-05-04T19:58:11+00:00,2026-05-04T19:58:11+00:00
662,387,ethereum,0xa245d65791b7442596ecb561a551a1bb,non_custodial,False,2026-05-04T11:11:11+00:00,2026-05-04T11:11:11+00:00
663,388,bsc,0xbb9ce131aba04abdbdab15d370d750c4,non_custodial,True,2026-06-09T18:21:40+00:00,2026-06-09T18:21:40+00:00
664,388,ethereum,0x6d0ca49e849d4d82a210f4e433b5b076,non_custodial,False,2026-06-08T14:09:40+00:00,2026-06-08T14:09:40+00:00
665,389,polygon,0x17eec02a0a2d43979ed5aa213ce34b75,non_custodial,True,2026-06-08T21:26:29+00:00,2026-06-08T21:26:29+00:00
666,389,base,0xfd83559919ec422a8bbb245a9d6c95d9,non_custodial,False,2026-06-10T02:17:29+00:00,2026-06-10T02:17:29+00:00
667,390,ethereum,0x083549a5f28344db819bca4064a37fd7,non_custodial,True,2026-08-29T19:40:42+00:00,2026-08-29T19:40:42+00:00
668,390,bsc,0xa9fd7175ea104d42888b2909a4f32227,non_custodial,False,2026-08-30T18:21:42+00:00,2026-08-30T18:21:42+00:00
669,391,polygon,0xcd4a63c27fd84148922a3e15bbbaf49e,non_custodial,True,2026-02-06T14:19:48+00:00,2026-02-06T14:19:48+00:00
670,391,base,0xe3aa7a760a004be195203b5cd48a87be,non_custodial,False,2026-02-04T17:36:48+00:00,2026-02-04T17:36:48+00:00
671,392,bsc,0xe44aa43685fe4d0aadd860354b3d4a81,non_custodial,True,2026-06-21T17:05:58+00:00,2026-06-21T17:05:58+00:00
672,393,arbitrum,0x95e2d4d408e3412a9235f190cd2d8d40,non_custodial,True,2026-01-31T20:42:38+00:00,2026-01-31T20:42:38+00:00
673,393,polygon,0x74fde88c72184876854b4e72f885e8e6,non_custodial,False,2026-02-03T11:23:38+00:00,2026-02-03T11:23:38+00:00
674,394,bsc,0xc11c233f2baf4097bcefe3dae5809bb8,non_custodial,True,2026-03-30T22:23:04+00:00,2026-03-30T22:23:04+00:00
675,394,ethereum,0xb3d33a089fa64c9684d30a8722775660,non_custodial,False,2026-03-30T08:16:04+00:00,2026-03-30T08:16:04+00:00
676,394,base,0x0f8990c5a2bb444b81873e043db0069d,non_custodial,False,2026-03-28T19:43:04+00:00,2026-03-28T19:43:04+00:00
677,395,base,0xb8daab9330294d939aa9ff030398e951,non_custodial,True,2026-07-19T05:45:56+00:00,2026-07-19T05:45:56+00:00
678,395,ethereum,0x4924c31c884f4fe5856805146431d90c,non_custodial,False,2026-07-19T08:21:56+00:00,2026-07-19T08:21:56+00:00
679,396,bsc,0xfe0364cedc01402fb5fd1cb90c71db5c,non_custodial,True,2026-03-17T15:10:48+00:00,2026-03-17T15:10:48+00:00
680,397,polygon,0x0bd8fa3fc6e84e68937f79626fa8c37d,non_custodial,True,2026-04-04T07:35:07+00:00,2026-04-04T07:35:07+00:00
681,397,bsc,0xfc651a47f8ec48fbb3952ebf1aae3149,non_custodial,False,2026-04-04T20:28:07+00:00,2026-04-04T20:28:07+00:00
682,398,arbitrum,0xf8576699d30f459686fcd7fa1ab73d6f,non_custodial,True,2026-03-19T07:36:23+00:00,2026-03-19T07:36:23+00:00
683,398,base,0xb70ee33b93584a32a8ef285da998a211,non_custodial,False,2026-03-18T18:52:23+00:00,2026-03-18T18:52:23+00:00
684,399,arbitrum,0x31d526c3d41641c0bf8f3f7501c6ed97,non_custodial,True,2026-02-01T23:07:36+00:00,2026-02-01T23:07:36+00:00
685,399,bsc,0xe755c66aeb224510802074a309341e91,non_custodial,False,2026-02-01T06:05:36+00:00,2026-02-01T06:05:36+00:00
686,400,polygon,0x9a44a045b9e04f89b5ca4dfbbb54cbed,non_custodial,True,2026-07-01T15:39:21+00:00,2026-07-01T15:39:21+00:00
687,400,bsc,0x0dff63559435439fbd107f707443db8e,non_custodial,False,2026-06-30T16:41:21+00:00,2026-06-30T16:41:21+00:00
688,401,bsc,0x35d56b03f12644e5a7b272ecf8351377,non_custodial,True,2026-08-09T10:41:41+00:00,2026-08-09T10:41:41+00:00
689,402,bsc,0xc829248e103b443bbb5391a0d813f466,non_custodial,True,2026-03-01T19:14:29+00:00,2026-03-01T19:14:29+00:00
690,402,base,0x7ca053f7dad6409c937cc7b9b0fa44b9,non_custodial,False,2026-03-02T03:45:29+00:00,2026-03-02T03:45:29+00:00
691,403,ethereum,0x472d3d38710941089e0b591014f6bc9c,non_custodial,True,2026-06-24T10:23:40+00:00,2026-06-24T10:23:40+00:00
692,404,bsc,0x863249af95e24d49adf5ffc34c6927e1,non_custodial,True,2026-01-23T19:11:43+00:00,2026-01-23T19:11:43+00:00
693,405,polygon,0x983f26ba45ca4458a0bca1ff7e669d76,non_custodial,True,2026-05-03T02:47:39+00:00,2026-05-03T02:47:39+00:00
694,405,base,0x0c48877547c04fc884fa309045fd77ca,non_custodial,False,2026-05-03T23:03:39+00:00,2026-05-03T23:03:39+00:00
695,406,arbitrum,0x0092105d1de1458a885eef9fe5920832,non_custodial,True,2026-01-25T16:55:13+00:00,2026-01-25T16:55:13+00:00
696,406,polygon,0xf3396bf6cd764b69a128a98ae1fb1e31,non_custodial,False,2026-01-24T12:39:13+00:00,2026-01-24T12:39:13+00:00
697,407,base,0x66329769df454bdeb953a80fb781854c,non_custodial,True,2026-02-05T15:35:27+00:00,2026-02-05T15:35:27+00:00
698,407,arbitrum,0x1184a89683c744dbbf2d1a7a9f63257c,non_custodial,False,2026-02-05T02:37:27+00:00,2026-02-05T02:37:27+00:00
699,408,base,0x1ad8ed395c22446a9f5875dd5fddf036,non_custodial,True,2026-05-31T22:13:11+00:00,2026-05-31T22:13:11+00:00
700,408,polygon,0x947bbea0176c43f696216ab4a41aa626,non_custodial,False,2026-06-01T00:23:11+00:00,2026-06-01T00:23:11+00:00
701,409,polygon,0xcc5acdfc858c4dc9a2a39863b02e10c6,non_custodial,True,2026-01-18T12:05:33+00:00,2026-01-18T12:05:33+00:00
702,410,polygon,0x0c640f8dc1ef4f2db103793d0d236409,non_custodial,True,2026-05-07T10:38:47+00:00,2026-05-07T10:38:47+00:00
703,411,polygon,0xa1aa83f1c8e2452985c300d3f7aa1def,non_custodial,True,2026-03-01T10:35:37+00:00,2026-03-01T10:35:37+00:00
704,411,bsc,0xce2d41eaf93e482c916f0eb54c3f937a,non_custodial,False,2026-03-03T12:44:37+00:00,2026-03-03T12:44:37+00:00
705,412,bsc,0x1c72a0a0c23840edb875e58593f06c52,non_custodial,True,2026-05-16T16:14:19+00:00,2026-05-16T16:14:19+00:00
706,412,ethereum,0xba78ad616749465e83ec7dcebdcebf55,non_custodial,False,2026-05-16T04:42:19+00:00,2026-05-16T04:42:19+00:00
707,412,polygon,0x6fbe3e3923af4620afecb69e75c5ddc4,non_custodial,False,2026-05-15T04:10:19+00:00,2026-05-15T04:10:19+00:00
708,413,polygon,0xe27313b7b2774c64af791b700bc4eb89,non_custodial,True,2026-01-17T16:14:51+00:00,2026-01-17T16:14:51+00:00
709,414,arbitrum,0x3c68820ef03a4e78ad5c072a7480e399,non_custodial,True,2026-06-22T22:56:28+00:00,2026-06-22T22:56:28+00:00
710,415,base,0x6839df5178144280aae116e24af96356,non_custodial,True,2026-03-04T17:32:18+00:00,2026-03-04T17:32:18+00:00
711,416,polygon,0x1be2ed23019a4648bbe2ee91d77013d3,non_custodial,True,2026-06-03T03:56:02+00:00,2026-06-03T03:56:02+00:00
712,416,bsc,0xc6a08877dbb449a58d9094d12718895e,non_custodial,False,2026-06-02T11:55:02+00:00,2026-06-02T11:55:02+00:00
713,417,base,0xda4f7cdb507c4d559317551b0c7fef97,non_custodial,True,2026-01-22T08:47:55+00:00,2026-01-22T08:47:55+00:00
714,418,polygon,0xe541a976ae7942519bd51cbd22e62faa,non_custodial,True,2026-02-09T09:07:33+00:00,2026-02-09T09:07:33+00:00
715,418,ethereum,0xba20703ab5c540478bec31d032233a4d,non_custodial,False,2026-02-07T10:19:33+00:00,2026-02-07T10:19:33+00:00
716,419,base,0x3021a3094d324de6b9a9bcef8738d57f,non_custodial,True,2026-04-23T06:15:30+00:00,2026-04-23T06:15:30+00:00
717,419,bsc,0xdaa265ac8ce94dd2bc46aaa51da6f527,non_custodial,False,2026-04-21T20:37:30+00:00,2026-04-21T20:37:30+00:00
718,420,bsc,0x33c8d50f9a4645f8803bd6ad63d287dc,non_custodial,True,2026-03-02T10:04:51+00:00,2026-03-02T10:04:51+00:00
719,421,arbitrum,0xd0a92e7db8ce4f36963d75c7a90a0493,non_custodial,True,2026-02-27T00:56:28+00:00,2026-02-27T00:56:28+00:00
720,421,polygon,0x40d829405aa44003b7a7a4cd277aa44b,non_custodial,False,2026-02-26T09:46:28+00:00,2026-02-26T09:46:28+00:00
721,422,base,0x330437fd82e14b3c8119e6234042962b,non_custodial,True,2026-02-20T17:58:59+00:00,2026-02-20T17:58:59+00:00
722,422,polygon,0xb5fea791ae93442491ef385523eec76c,non_custodial,False,2026-02-22T18:08:59+00:00,2026-02-22T18:08:59+00:00
723,422,bsc,0xebc3c080f291416d98a51562e8ff5af8,non_custodial,False,2026-02-20T09:13:59+00:00,2026-02-20T09:13:59+00:00
724,423,base,0x1368b8f2480e4fa8abc4a77f622e31c1,non_custodial,True,2026-05-03T21:58:44+00:00,2026-05-03T21:58:44+00:00
725,423,ethereum,0xd3e4d0a6fd1349d283a514676df49e6f,non_custodial,False,2026-05-02T08:03:44+00:00,2026-05-02T08:03:44+00:00
726,424,base,0x4a37865dd46a46a985113607c3f2f9fb,non_custodial,True,2026-02-20T07:28:27+00:00,2026-02-20T07:28:27+00:00
727,425,polygon,0x3c8d988cf15347bba1a84308093181f8,non_custodial,True,2026-07-17T18:49:22+00:00,2026-07-17T18:49:22+00:00
728,425,arbitrum,0x0845d0278f4a42a58a7f45dd79597681,non_custodial,False,2026-07-18T08:02:22+00:00,2026-07-18T08:02:22+00:00
729,426,bsc,0xe5430fe5983b4dcc903eeadddff11fc2,non_custodial,True,2026-05-02T02:10:25+00:00,2026-05-02T02:10:25+00:00
730,427,arbitrum,0xa60418e44e90450395bedd331e18cbf6,non_custodial,True,2026-07-09T15:55:24+00:00,2026-07-09T15:55:24+00:00
731,428,polygon,0xdebc167e7a9d484e85410218ff6a5297,non_custodial,True,2026-03-04T22:45:37+00:00,2026-03-04T22:45:37+00:00
732,428,bsc,0x5b8a5bc89f6d498ca3b0bd0f687feee4,non_custodial,False,2026-03-04T01:35:37+00:00,2026-03-04T01:35:37+00:00
733,428,ethereum,0x17059e29d5f94c00a77128e2850b4cdb,non_custodial,False,2026-03-03T04:19:37+00:00,2026-03-03T04:19:37+00:00
734,429,arbitrum,0xe224ef5cea0147f98adb150e6f9a69bc,non_custodial,True,2026-07-18T08:35:39+00:00,2026-07-18T08:35:39+00:00
735,429,polygon,0x42e8d6da580e405b81db12a54d244071,non_custodial,False,2026-07-18T03:01:39+00:00,2026-07-18T03:01:39+00:00
736,430,base,0xeec604edd8754937bcaf76efc0bc5120,non_custodial,True,2026-01-18T10:39:55+00:00,2026-01-18T10:39:55+00:00
737,430,bsc,0x583a26e558284307b5b9c38f2274a9e1,non_custodial,False,2026-01-16T03:50:55+00:00,2026-01-16T03:50:55+00:00
738,431,arbitrum,0x5761a7ebbf7a40d2b4e3eaa1a7385777,non_custodial,True,2026-08-23T09:18:25+00:00,2026-08-23T09:18:25+00:00
739,431,base,0x8ec446a888c243de8df10ed92f35142b,non_custodial,False,2026-08-23T15:54:25+00:00,2026-08-23T15:54:25+00:00
740,432,arbitrum,0x464654c290a94c4db21ad05b419078d2,non_custodial,True,2026-03-12T10:45:23+00:00,2026-03-12T10:45:23+00:00
741,432,ethereum,0x59abb325ed46452781d3e59e31541c1c,non_custodial,False,2026-03-13T08:49:23+00:00,2026-03-13T08:49:23+00:00
742,433,polygon,0xd568a053fc514298921f293cf5c6336f,non_custodial,True,2026-01-19T01:15:34+00:00,2026-01-19T01:15:34+00:00
743,434,ethereum,0x7a19b7fe26304822ac4edfa06c59ba5f,non_custodial,True,2026-06-22T12:46:55+00:00,2026-06-22T12:46:55+00:00
744,435,polygon,0x01e2f62a73b14c99b1644f7b212f9424,non_custodial,True,2026-04-03T15:39:55+00:00,2026-04-03T15:39:55+00:00
745,436,bsc,0xd14cb6a793854f8c84fcf08c7339e7cc,non_custodial,True,2026-07-02T17:33:32+00:00,2026-07-02T17:33:32+00:00
746,437,bsc,0x2e4dde94b9e24ad89ecf8f53255f12cf,non_custodial,True,2026-06-21T11:33:55+00:00,2026-06-21T11:33:55+00:00
747,438,ethereum,0x7b690bd5bab24ada9da9fa7085396879,non_custodial,True,2026-07-16T23:07:48+00:00,2026-07-16T23:07:48+00:00
748,438,polygon,0x65bd2b72de024125a7e41824c9a79daf,non_custodial,False,2026-07-17T21:39:48+00:00,2026-07-17T21:39:48+00:00
749,439,polygon,0x891dfc34e1ec450390d7f8d203478333,non_custodial,True,2026-03-22T00:31:03+00:00,2026-03-22T00:31:03+00:00
750,440,bsc,0xf6bcbaed1c30465fa7c5b60d5c81f020,non_custodial,True,2026-01-23T05:08:03+00:00,2026-01-23T05:08:03+00:00
751,441,bsc,0x2123ef8b36e94aa98b61ae4223dcbc9c,non_custodial,True,2026-02-12T03:16:20+00:00,2026-02-12T03:16:20+00:00
752,441,base,0xe90f3ebaaa224dd88b5e9fea6aad9ff3,non_custodial,False,2026-02-09T22:48:20+00:00,2026-02-09T22:48:20+00:00
753,442,bsc,0x5496c99fcddb46ca90b7bb6652950f48,non_custodial,True,2026-02-03T07:40:22+00:00,2026-02-03T07:40:22+00:00
754,442,base,0x96777bd0ae48427e9eaa8f5fd48b4469,non_custodial,False,2026-02-03T18:36:22+00:00,2026-02-03T18:36:22+00:00
755,443,bsc,0xa3805f8703ab4d089c46dcb3d5958a89,non_custodial,True,2026-07-21T10:50:39+00:00,2026-07-21T10:50:39+00:00
756,443,ethereum,0x0021a206c5ef47459e7b70a5f1c7d060,non_custodial,False,2026-07-19T13:53:39+00:00,2026-07-19T13:53:39+00:00
757,444,arbitrum,0xf01ca32586244363951ff0a2f49cfe53,non_custodial,True,2026-03-29T16:27:39+00:00,2026-03-29T16:27:39+00:00
758,445,base,0x5d84f7e4951740cdaaa8358fc08bcfa8,non_custodial,True,2026-06-11T17:52:10+00:00,2026-06-11T17:52:10+00:00
759,445,ethereum,0xa2a8b25a00e348e6a3ee46a2fdcca220,non_custodial,False,2026-06-11T05:48:10+00:00,2026-06-11T05:48:10+00:00
760,446,ethereum,0x67457dcce43a4e0ca1b7382128a3d559,non_custodial,True,2026-05-26T21:22:25+00:00,2026-05-26T21:22:25+00:00
761,447,base,0x79bf24d6982b498fa182ddea67db65d2,non_custodial,True,2026-05-28T00:56:21+00:00,2026-05-28T00:56:21+00:00
762,448,arbitrum,0x1825659255674e7195cb0aeeab216941,non_custodial,True,2026-02-09T15:34:17+00:00,2026-02-09T15:34:17+00:00
763,448,bsc,0x2cf7a0e59e7245728aebc216168c5da8,non_custodial,False,2026-02-08T12:47:17+00:00,2026-02-08T12:47:17+00:00
764,449,base,0x21bce5f01edb44999cc75b7d6a1da2fc,non_custodial,True,2026-01-17T09:51:41+00:00,2026-01-17T09:51:41+00:00
765,450,base,0x336f6d1190534f8ebd420e4448cd77ca,non_custodial,True,2026-07-02T18:44:23+00:00,2026-07-02T18:44:23+00:00
766,450,bsc,0xce091af2671044a0994f484c8b98f8b8,non_custodial,False,2026-07-05T02:15:23+00:00,2026-07-05T02:15:23+00:00
767,450,arbitrum,0x2d93eab4b8c94b74badfd5bccf1a1908,non_custodial,False,2026-07-02T20:29:23+00:00,2026-07-02T20:29:23+00:00
768,451,arbitrum,0x801b6e19f54244998f50d1118bd85ab0,non_custodial,True,2026-02-01T21:33:15+00:00,2026-02-01T21:33:15+00:00
769,452,base,0x467ea3f68e614b68b27fd2a04dd85590,non_custodial,True,2026-03-03T01:02:25+00:00,2026-03-03T01:02:25+00:00
770,452,bsc,0x9ab9ec877eea46f1bfd5e757f076afb0,non_custodial,False,2026-03-01T05:09:25+00:00,2026-03-01T05:09:25+00:00
771,452,arbitrum,0xbedeb1534ed24ba096a508d29891c6ce,non_custodial,False,2026-03-02T02:29:25+00:00,2026-03-02T02:29:25+00:00
772,453,ethereum,0x2a3cda548512400b983d5430307475a0,non_custodial,True,2026-07-27T18:57:13+00:00,2026-07-27T18:57:13+00:00
773,454,bsc,0x1606d6955b26498890c92ff910ad7485,non_custodial,True,2026-04-06T00:35:02+00:00,2026-04-06T00:35:02+00:00
774,455,ethereum,0xe2691a6a9e3b40dab64c0c601659ab13,non_custodial,True,2026-04-06T09:52:02+00:00,2026-04-06T09:52:02+00:00
775,455,base,0x486c5b15e89b4ceb88357b7c213119f4,non_custodial,False,2026-04-04T10:46:02+00:00,2026-04-04T10:46:02+00:00
776,456,ethereum,0x7b5e38f148284edb96229fd65227f974,non_custodial,True,2026-06-28T02:25:27+00:00,2026-06-28T02:25:27+00:00
777,456,base,0xbc5c86a20c8248679ac9d25f9650c378,non_custodial,False,2026-06-28T23:32:27+00:00,2026-06-28T23:32:27+00:00
778,457,polygon,0x87c0f60f4fa045149f59327f3824ce86,non_custodial,True,2026-08-22T06:03:39+00:00,2026-08-22T06:03:39+00:00
779,458,arbitrum,0x92694d0fbac742c7bcbb806069b35883,non_custodial,True,2026-08-12T14:39:50+00:00,2026-08-12T14:39:50+00:00
780,459,ethereum,0x903c644f71334ea9a976c6a24e8568f2,non_custodial,True,2026-04-26T04:01:06+00:00,2026-04-26T04:01:06+00:00
781,459,polygon,0x5f98b58cb78743c8bb72536714d4d0f9,non_custodial,False,2026-04-25T21:32:06+00:00,2026-04-25T21:32:06+00:00
782,460,arbitrum,0xd9ae6a948913494084444dd8d4fa3fb7,non_custodial,True,2026-05-18T13:27:01+00:00,2026-05-18T13:27:01+00:00
783,460,ethereum,0x12b083043ca74fa3bb2a3e28e69dd3ee,non_custodial,False,2026-05-18T06:44:01+00:00,2026-05-18T06:44:01+00:00
784,461,bsc,0x787ee687dc6a473b8a818110ef7859a8,non_custodial,True,2026-03-16T18:41:31+00:00,2026-03-16T18:41:31+00:00
785,461,polygon,0x1aea069fa184475aaa33710edf741326,non_custodial,False,2026-03-17T05:38:31+00:00,2026-03-17T05:38:31+00:00
786,462,base,0xa4e0b27148e643e89daac7875e81fab5,non_custodial,True,2026-01-27T19:30:01+00:00,2026-01-27T19:30:01+00:00
787,462,polygon,0x693acf3a8a2744d0ae2fb80f9a8f78e4,non_custodial,False,2026-01-29T09:41:01+00:00,2026-01-29T09:41:01+00:00
788,463,arbitrum,0xc47c714e573040fca384956e41f0e7f1,non_custodial,True,2026-07-19T17:42:07+00:00,2026-07-19T17:42:07+00:00
789,463,base,0x2d06e5234e8e4fe5912881a439e92989,non_custodial,False,2026-07-18T16:29:07+00:00,2026-07-18T16:29:07+00:00
790,464,arbitrum,0x9897ef01657f41a7af225160168dbb23,non_custodial,True,2026-07-05T07:15:35+00:00,2026-07-05T07:15:35+00:00
791,465,bsc,0xd10969a86659402097b569e1fb35a213,non_custodial,True,2026-05-26T17:30:49+00:00,2026-05-26T17:30:49+00:00
792,465,ethereum,0x4dd67fc75be2495fbd659b3545c1326b,non_custodial,False,2026-05-26T07:25:49+00:00,2026-05-26T07:25:49+00:00
793,466,bsc,0xf6f53bfe12e84aff963325113e28ac46,non_custodial,True,2026-05-20T06:30:22+00:00,2026-05-20T06:30:22+00:00
794,467,base,0xe383fa3cba8347ac938f886df14b5325,non_custodial,True,2026-02-12T18:02:02+00:00,2026-02-12T18:02:02+00:00
795,468,bsc,0xaa14ce7942b14779962272ce87f4659b,non_custodial,True,2026-02-23T20:25:03+00:00,2026-02-23T20:25:03+00:00
796,468,arbitrum,0xc4413225c1a74bcd9d9fca0e40ea627e,non_custodial,False,2026-02-21T23:24:03+00:00,2026-02-21T23:24:03+00:00
797,469,bsc,0xa0e56cba0dd84ec4b915281598fea25d,non_custodial,True,2026-05-13T02:54:20+00:00,2026-05-13T02:54:20+00:00
798,469,arbitrum,0x5bd2b2235a234f7d8450a8a1064254ff,non_custodial,False,2026-05-14T19:38:20+00:00,2026-05-14T19:38:20+00:00
799,469,base,0x5ade5d6b3495464596be14783a002902,non_custodial,False,2026-05-14T23:39:20+00:00,2026-05-14T23:39:20+00:00
800,470,ethereum,0xad66493a1edd4ba3833f18ac56fb820d,non_custodial,True,2026-07-06T04:52:01+00:00,2026-07-06T04:52:01+00:00
801,471,base,0x7d990684c61b4e22ba47243976ba0b8f,non_custodial,True,2026-06-29T16:03:58+00:00,2026-06-29T16:03:58+00:00
802,471,bsc,0xc377372c69fb4451a8d86bdf86af6423,non_custodial,False,2026-06-30T16:44:58+00:00,2026-06-30T16:44:58+00:00
803,472,base,0x0bd7053c4c7b4adcabbe609881b7aa13,non_custodial,True,2026-01-20T11:23:14+00:00,2026-01-20T11:23:14+00:00
804,472,ethereum,0x1ed4cbbb95f94784bc1b5d7888db4a6f,non_custodial,False,2026-01-19T10:14:14+00:00,2026-01-19T10:14:14+00:00
805,473,arbitrum,0x46a21c307d0d43ce9755be44120b349d,non_custodial,True,2026-05-02T06:24:00+00:00,2026-05-02T06:24:00+00:00
806,474,base,0xd853055de8b44e61807bb20093f63513,non_custodial,True,2026-07-03T21:59:20+00:00,2026-07-03T21:59:20+00:00
807,474,ethereum,0xe50a842fae154cb8a26e466349caf5e7,non_custodial,False,2026-07-04T17:49:20+00:00,2026-07-04T17:49:20+00:00
808,475,arbitrum,0x838beef1cf1d49529ba2f896262ff3ce,non_custodial,True,2026-04-23T01:18:48+00:00,2026-04-23T01:18:48+00:00
809,476,ethereum,0xa05780d9710a4fc8b642d1f4c863fdaf,non_custodial,True,2026-04-18T22:19:48+00:00,2026-04-18T22:19:48+00:00
810,476,arbitrum,0xbee9e32af49e4c489c293fdcbdc96975,non_custodial,False,2026-04-18T11:26:48+00:00,2026-04-18T11:26:48+00:00
811,477,base,0x36909b2c7c274c7db10097d01d4b91d4,non_custodial,True,2026-06-06T14:52:23+00:00,2026-06-06T14:52:23+00:00
812,478,base,0xe768c06fd3784576a5f67aac7ac1cbf1,non_custodial,True,2026-03-16T20:18:45+00:00,2026-03-16T20:18:45+00:00
813,478,arbitrum,0x6d6831322338452196d9e63bcbe76903,non_custodial,False,2026-03-15T21:20:45+00:00,2026-03-15T21:20:45+00:00
814,479,base,0xacae19b299744a5b85170386c17fa3a4,non_custodial,True,2026-05-24T03:56:17+00:00,2026-05-24T03:56:17+00:00
815,479,arbitrum,0xd363f0e88b1c47c1875a7b0f8e3b4cb2,non_custodial,False,2026-05-26T11:58:17+00:00,2026-05-26T11:58:17+00:00
816,480,arbitrum,0xc798cf3bb47846a88a3c0192ce15b488,non_custodial,True,2026-06-15T12:49:25+00:00,2026-06-15T12:49:25+00:00
817,480,polygon,0x8048e154b12f4baf97f0e0d01401eec6,non_custodial,False,2026-06-17T16:31:25+00:00,2026-06-17T16:31:25+00:00
818,481,arbitrum,0xb27e644941ff472796c0e81d0d9ded44,non_custodial,True,2026-03-12T06:51:34+00:00,2026-03-12T06:51:34+00:00
819,481,base,0xeea3e182758f402aacc47ec23a58a5da,non_custodial,False,2026-03-12T01:59:34+00:00,2026-03-12T01:59:34+00:00
820,482,ethereum,0xa13dc205821d400aa8aac98ea9b8aca2,non_custodial,True,2026-02-11T13:51:54+00:00,2026-02-11T13:51:54+00:00
821,483,arbitrum,0x47e33cf741234b88aafc25cd4c207b0c,non_custodial,True,2026-05-02T02:20:54+00:00,2026-05-02T02:20:54+00:00
822,483,polygon,0x1941723165be45a29e2bdcd7add7c7f7,non_custodial,False,2026-04-30T08:08:54+00:00,2026-04-30T08:08:54+00:00
823,484,bsc,0x03c68ebab51248a3ab1d86f3d8e097d6,non_custodial,True,2026-03-09T07:16:30+00:00,2026-03-09T07:16:30+00:00
824,485,base,0x364d19061d53427e98c7bddcd81876db,non_custodial,True,2026-01-20T03:21:43+00:00,2026-01-20T03:21:43+00:00
825,486,polygon,0x1ee288ccc2c14a53b30b3bcf9ec4d19a,non_custodial,True,2026-04-18T04:20:29+00:00,2026-04-18T04:20:29+00:00
826,486,arbitrum,0x80a788bf49ec4284b8bff83a0a48c6a5,non_custodial,False,2026-04-18T21:18:29+00:00,2026-04-18T21:18:29+00:00
827,486,ethereum,0x80069a5449634602a6bef1c7d1d9a9c1,non_custodial,False,2026-04-17T15:19:29+00:00,2026-04-17T15:19:29+00:00
828,487,polygon,0x52d2faf220c84a87ad146d8194af6b49,non_custodial,True,2026-05-25T01:34:18+00:00,2026-05-25T01:34:18+00:00
829,488,polygon,0x2efa34f6702146eca10203266c8670ed,non_custodial,True,2026-01-14T00:39:05+00:00,2026-01-14T00:39:05+00:00
830,488,ethereum,0xbc0929302fa9433da11153d932869eb9,non_custodial,False,2026-01-15T21:28:05+00:00,2026-01-15T21:28:05+00:00
831,488,arbitrum,0x648ddd78c64f4c1390888e10fac07ebd,non_custodial,False,2026-01-13T21:25:05+00:00,2026-01-13T21:25:05+00:00
832,489,arbitrum,0x502789ea695a4cad88415f2968c6ee82,non_custodial,True,2026-01-15T23:03:59+00:00,2026-01-15T23:03:59+00:00
833,489,ethereum,0x257f8902ee624e6791297592de57cccb,non_custodial,False,2026-01-15T15:04:59+00:00,2026-01-15T15:04:59+00:00
834,490,bsc,0x18ddea9fa7a545f0b8a6beb5c5f0c26e,non_custodial,True,2026-05-23T22:54:43+00:00,2026-05-23T22:54:43+00:00
835,491,arbitrum,0x9a6bebc468b047dd80c15ff16d58afb7,non_custodial,True,2026-01-15T11:59:11+00:00,2026-01-15T11:59:11+00:00
836,491,bsc,0x472c2d83e36e4f9697a27719e75a84b0,non_custodial,False,2026-01-14T04:33:11+00:00,2026-01-14T04:33:11+00:00
837,492,arbitrum,0xd80d1e132a724710b0b093d465aa2207,non_custodial,True,2026-05-25T07:58:23+00:00,2026-05-25T07:58:23+00:00
838,493,base,0x8025514cd3ba479b858f80d3adebc2bb,non_custodial,True,2026-08-14T11:46:19+00:00,2026-08-14T11:46:19+00:00
839,493,ethereum,0xea29cc7bfd43463ebd3e7cb5fd99459f,non_custodial,False,2026-08-14T18:10:19+00:00,2026-08-14T18:10:19+00:00
840,493,bsc,0xa26c65279eec4a3c97e3028be5df8669,non_custodial,False,2026-08-12T15:42:19+00:00,2026-08-12T15:42:19+00:00
841,494,arbitrum,0xce515404a9244cb9bf1163bb69f9c657,non_custodial,True,2026-06-04T14:31:46+00:00,2026-06-04T14:31:46+00:00
842,495,arbitrum,0x76d65764d90843059f0692680fcfe9fe,non_custodial,True,2026-04-10T16:28:57+00:00,2026-04-10T16:28:57+00:00
843,496,base,0x827cd6dba7df41128931598613f2787a,non_custodial,True,2026-07-14T19:07:36+00:00,2026-07-14T19:07:36+00:00
844,496,bsc,0xf5a78dbe2841481c8b71aeedca207131,non_custodial,False,2026-07-14T12:56:36+00:00,2026-07-14T12:56:36+00:00
845,497,base,0x493303b1347844d8b28e9aa0bdfae8a9,non_custodial,True,2026-02-18T14:25:43+00:00,2026-02-18T14:25:43+00:00
846,497,polygon,0x37002d713a0b451883c8168d9fd84c9e,non_custodial,False,2026-02-17T22:07:43+00:00,2026-02-17T22:07:43+00:00
847,498,arbitrum,0x6137e0c668314f24abbbaa94d6e2825c,non_custodial,True,2026-03-26T21:17:28+00:00,2026-03-26T21:17:28+00:00
848,498,bsc,0x25141b1988ae4661a5bba51762bb34ec,non_custodial,False,2026-03-27T14:15:28+00:00,2026-03-27T14:15:28+00:00
849,499,arbitrum,0x7cbda5d56550475f8311b0c29d34f62a,non_custodial,True,2026-03-22T02:08:50+00:00,2026-03-22T02:08:50+00:00
850,499,bsc,0x972cc56d089943c5afef808ccf4f5795,non_custodial,False,2026-03-22T15:43:50+00:00,2026-03-22T15:43:50+00:00
851,499,ethereum,0x7bd0f144f0e94ad982c3919501d892a2,non_custodial,False,2026-03-21T10:35:50+00:00,2026-03-21T10:35:50+00:00
852,500,base,0xc494cd06424d4328b147e5b270e5b812,non_custodial,True,2026-06-27T08:11:35+00:00,2026-06-27T08:11:35+00:00
